2023-09-22 17:20:21 T1:29.53, T2:22.66, T3:22.86, T4:22.79, T5:22.52, T6:22.52, T7:22.25, T8:22.18, T9:21.98, T10:22.15, T11:22.15, T12:22.08, T13:22.08, T14:nan, T15:31.10, F1:0.22, F2:0.22, F3:0.22, SR1:136.87, A:1110000.00, Circ pump counter: 0
2023-09-22 17:20:26 T1:29.56, T2:22.66, T3:22.86, T4:22.79, T5:22.56, T6:22.52, T7:22.29, T8:22.18, T9:21.98, T10:22.15, T11:22.15, T12:22.08, T13:22.08, T14:nan, T15:31.10, F1:0.22, F2:0.22, F3:0.22, SR1:132.61, A:1110000.00, Circ pump counter: 0
2023-09-22 17:20:32 T1:29.56, T2:22.72, T3:22.86, T4:22.79, T5:22.52, T6:22.52, T7:22.29, T8:22.15, T9:21.98, T10:22.18, T11:22.15, T12:22.08, T13:22.08, T14:nan, T15:31.10, F1:0.22, F2:0.22, F3:0.22, SR1:129.58, A:1110000.00, Circ pump counter: 0
2023-09-22 17:20:37 T1:29.53, T2:22.72, T3:22.86, T4:22.79, T5:22.56, T6:22.52, T7:22.29, T8:22.15, T9:21.98, T10:22.18, T11:22.15, T12:22.08, T13:22.08, T14:nan, T15:31.10, F1:0.22, F2:0.22, F3:0.22, SR1:127.22, A:1110000.00, Circ pump counter: 0
2023-09-22 17:20:43 T1:29.53, T2:22.69, T3:22.83, T4:22.79, T5:22.52, T6:22.52, T7:22.29, T8:22.15, T9:22.01, T10:22.18, T11:22.15, T12:22.08, T13:22.08, T14:21.20, T15:31.10, F1:0.22, F2:0.22, F3:0.22, SR1:124.53, A:1110000.00, Circ pump counter: 0
2023-09-22 17:20:48 T1:29.56, T2:22.76, T3:22.83, T4:22.76, T5:22.56, T6:22.52, T7:22.29, T8:22.18, T9:21.98, T10:22.18, T11:22.15, T12:22.08, T13:22.08, T14:8.40, T15:31.10, F1:0.22, F2:0.22, F3:0.22, SR1:124.21, A:1110000.00, Circ pump counter: 0
2023-09-22 17:20:54 T1:29.53, T2:22.72, T3:22.83, T4:22.79, T5:22.56, T6:22.52, T7:22.29, T8:22.18, T9:22.01, T10:22.18, T11:22.15, T12:22.08, T13:22.12, T14:21.20, T15:31.10, F1:0.22, F2:0.22, F3:0.22, SR1:125.29, A:1110000.00, Circ pump counter: 0
2023-09-22 17:20:59 T1:29.56, T2:22.72, T3:22.83, T4:22.76, T5:22.56, T6:22.52, T7:22.29, T8:22.15, T9:21.98, T10:22.18, T11:22.15, T12:22.08, T13:22.08, T14:8.40, T15:31.10, F1:0.22, F2:0.22, F3:0.22, SR1:124.36, A:1110000.00, Circ pump counter: 0
2023-09-22 17:21:05 T1:29.56, T2:22.76, T3:22.83, T4:22.76, T5:22.56, T6:22.49, T7:22.29, T8:22.15, T9:22.01, T10:22.18, T11:22.15, T12:22.08, T13:22.08, T14:nan, T15:31.10, F1:0.22, F2:0.22, F3:0.22, SR1:123.36, A:1110000.00, Circ pump counter: 0
2023-09-22 17:21:10 T1:29.53, T2:22.79, T3:22.79, T4:22.72, T5:22.56, T6:22.52, T7:22.32, T8:22.15, T9:21.98, T10:22.18, T11:22.15, T12:22.08, T13:22.12, T14:21.20, T15:31.10, F1:0.22, F2:0.22, F3:0.22, SR1:118.34, A:1110000.00, Circ pump counter: 0
2023-09-22 17:21:16 T1:29.53, T2:22.79, T3:22.83, T4:22.72, T5:22.52, T6:22.52, T7:22.32, T8:22.15, T9:22.01, T10:22.18, T11:22.15, T12:22.08, T13:22.12, T14:nan, T15:31.10, F1:0.21, F2:0.22, F3:0.22, SR1:118.01, A:1110000.00, Circ pump counter: 0
2023-09-22 17:21:21 T1:29.56, T2:22.76, T3:22.79, T4:22.72, T5:22.56, T6:22.52, T7:22.29, T8:22.18, T9:22.01, T10:22.18, T11:22.15, T12:22.12, T13:22.12, T14:nan, T15:31.00, F1:0.22, F2:0.22, F3:0.22, SR1:124.21, A:1110000.00, Circ pump counter: 0
2023-09-22 17:21:27 T1:29.56, T2:22.76, T3:22.79, T4:22.72, T5:22.56, T6:22.52, T7:22.32, T8:22.18, T9:21.98, T10:22.18, T11:22.15, T12:22.12, T13:22.12, T14:8.40, T15:31.00, F1:0.22, F2:0.22, F3:0.22, SR1:126.22, A:1110000.00, Circ pump counter: 0
2023-09-22 17:21:32 T1:29.59, T2:22.79, T3:22.79, T4:22.72, T5:22.59, T6:22.52, T7:22.29, T8:22.15, T9:22.01, T10:22.18, T11:22.15, T12:22.12, T13:22.08, T14:21.20, T15:31.00, F1:0.21, F2:0.22, F3:0.22, SR1:121.22, A:1110000.00, Circ pump counter: 0
2023-09-22 17:21:38 T1:29.53, T2:22.76, T3:22.79, T4:22.72, T5:22.56, T6:22.52, T7:22.32, T8:22.15, T9:22.01, T10:22.18, T11:22.15, T12:22.12, T13:22.12, T14:8.40, T15:31.00, F1:0.22, F2:0.22, F3:0.22, SR1:116.30, A:1110000.00, Circ pump counter: 0
2023-09-22 17:21:43 T1:29.56, T2:22.79, T3:22.79, T4:22.72, T5:22.56, T6:22.52, T7:22.29, T8:22.18, T9:22.01, T10:22.18, T11:22.15, T12:22.08, T13:22.12, T14:21.20, T15:31.00, F1:0.21, F2:0.22, F3:0.22, SR1:112.62, A:1110000.00, Circ pump counter: 0
2023-09-22 17:21:49 T1:29.56, T2:22.79, T3:22.79, T4:22.72, T5:22.56, T6:22.52, T7:22.29, T8:22.18, T9:22.01, T10:22.18, T11:22.15, T12:22.08, T13:22.12, T14:nan, T15:30.90, F1:0.22, F2:0.22, F3:0.22, SR1:110.43, A:1110000.00, Circ pump counter: 0
2023-09-22 17:21:54 T1:29.56, T2:22.72, T3:22.76, T4:22.72, T5:22.52, T6:22.52, T7:22.29, T8:22.18, T9:22.01, T10:22.18, T11:22.15, T12:22.08, T13:22.12, T14:nan, T15:31.00, F1:0.21, F2:0.22, F3:0.22, SR1:107.77, A:1110000.00, Circ pump counter: 0
2023-09-22 17:22:00 T1:29.56, T2:22.83, T3:22.76, T4:22.72, T5:22.52, T6:22.52, T7:22.29, T8:22.18, T9:22.01, T10:22.22, T11:22.15, T12:22.12, T13:22.12, T14:nan, T15:30.90, F1:0.21, F2:0.21, F3:0.21, SR1:105.00, A:1110000.00, Circ pump counter: 0
2023-09-22 17:22:05 T1:29.56, T2:22.79, T3:22.76, T4:22.69, T5:22.52, T6:22.52, T7:22.29, T8:22.18, T9:22.01, T10:22.18, T11:22.15, T12:22.08, T13:22.12, T14:8.40, T15:30.90, F1:0.21, F2:0.21, F3:0.21, SR1:107.23, A:1110000.00, Circ pump counter: 0
2023-09-22 17:22:11 T1:29.56, T2:22.79, T3:22.76, T4:22.69, T5:22.52, T6:22.52, T7:22.32, T8:22.15, T9:22.01, T10:22.18, T11:22.15, T12:22.12, T13:22.12, T14:21.20, T15:30.80, F1:0.21, F2:0.21, F3:0.21, SR1:112.19, A:1110000.00, Circ pump counter: 0
2023-09-22 17:22:16 T1:29.56, T2:22.79, T3:22.79, T4:22.69, T5:22.52, T6:22.52, T7:22.29, T8:22.15, T9:22.01, T10:22.18, T11:22.15, T12:22.12, T13:22.12, T14:nan, T15:30.80, F1:0.21, F2:0.22, F3:0.21, SR1:119.55, A:1110000.00, Circ pump counter: 0
2023-09-22 17:22:22 T1:29.59, T2:22.83, T3:22.79, T4:22.69, T5:22.52, T6:22.52, T7:22.29, T8:22.18, T9:22.01, T10:22.18, T11:22.15, T12:22.08, T13:22.15, T14:nan, T15:30.80, F1:0.21, F2:0.21, F3:0.21, SR1:125.35, A:1110000.00, Circ pump counter: 0
2023-09-22 17:22:28 T1:29.59, T2:22.83, T3:22.76, T4:22.69, T5:22.52, T6:22.52, T7:22.29, T8:22.15, T9:22.01, T10:22.18, T11:22.15, T12:22.12, T13:22.15, T14:nan, T15:30.80, F1:0.22, F2:0.21, F3:0.21, SR1:123.17, A:1110000.00, Circ pump counter: 0
2023-09-22 17:22:33 T1:29.63, T2:22.79, T3:22.76, T4:22.69, T5:22.52, T6:22.52, T7:22.29, T8:22.18, T9:22.01, T10:22.22, T11:22.18, T12:22.12, T13:22.12, T14:nan, T15:30.80, F1:0.21, F2:0.21, F3:0.21, SR1:118.77, A:1110000.00, Circ pump counter: 0
2023-09-22 17:22:39 T1:29.59, T2:22.79, T3:22.76, T4:22.69, T5:22.52, T6:22.52, T7:22.29, T8:22.15, T9:22.01, T10:22.18, T11:22.15, T12:22.12, T13:22.15, T14:21.30, T15:30.80, F1:0.21, F2:0.21, F3:0.21, SR1:114.77, A:1110000.00, Circ pump counter: 0
2023-09-22 17:22:44 T1:29.59, T2:22.86, T3:22.76, T4:22.72, T5:22.52, T6:22.52, T7:22.29, T8:22.18, T9:22.01, T10:22.22, T11:22.15, T12:22.12, T13:22.12, T14:nan, T15:30.70, F1:0.21, F2:0.20, F3:0.21, SR1:112.56, A:1110000.00, Circ pump counter: 0
2023-09-22 17:22:50 T1:29.59, T2:22.79, T3:22.79, T4:22.69, T5:22.52, T6:22.52, T7:22.32, T8:22.18, T9:22.01, T10:22.22, T11:22.15, T12:22.12, T13:22.12, T14:21.30, T15:30.70, F1:0.21, F2:0.21, F3:0.21, SR1:114.59, A:1110000.00, Circ pump counter: 0
2023-09-22 17:22:55 T1:29.59, T2:22.79, T3:22.76, T4:22.69, T5:22.49, T6:22.49, T7:22.32, T8:22.18, T9:22.01, T10:22.22, T11:22.15, T12:22.12, T13:22.15, T14:nan, T15:30.70, F1:0.22, F2:0.21, F3:0.21, SR1:118.06, A:1110000.00, Circ pump counter: 0
2023-09-22 17:23:01 T1:29.59, T2:22.83, T3:22.76, T4:22.69, T5:22.49, T6:22.52, T7:22.29, T8:22.18, T9:22.01, T10:22.18, T11:22.15, T12:22.12, T13:22.12, T14:21.30, T15:30.70, F1:0.21, F2:0.21, F3:0.21, SR1:118.90, A:1110000.00, Circ pump counter: 0
2023-09-22 17:23:06 T1:29.56, T2:22.79, T3:22.79, T4:22.72, T5:22.49, T6:22.52, T7:22.29, T8:22.18, T9:22.01, T10:22.22, T11:22.15, T12:22.12, T13:22.15, T14:21.30, T15:30.60, F1:0.21, F2:0.21, F3:0.21, SR1:117.28, A:1110000.00, Circ pump counter: 0
2023-09-22 17:23:12 T1:29.59, T2:22.86, T3:22.76, T4:22.69, T5:22.49, T6:22.52, T7:22.32, T8:22.18, T9:22.01, T10:22.22, T11:22.15, T12:22.12, T13:22.15, T14:nan, T15:30.60, F1:0.22, F2:0.21, F3:0.20, SR1:116.67, A:1110000.00, Circ pump counter: 0
2023-09-22 17:23:17 T1:29.59, T2:22.76, T3:22.79, T4:22.69, T5:22.49, T6:22.52, T7:22.29, T8:22.18, T9:22.01, T10:22.22, T11:22.15, T12:22.08, T13:22.15, T14:21.30, T15:30.60, F1:0.21, F2:0.22, F3:0.22, SR1:112.79, A:1110000.00, Circ pump counter: 0
2023-09-22 17:23:23 T1:29.56, T2:22.79, T3:22.79, T4:22.72, T5:22.49, T6:22.52, T7:22.32, T8:22.18, T9:22.01, T10:22.22, T11:22.15, T12:22.12, T13:22.15, T14:8.50, T15:30.60, F1:0.22, F2:0.21, F3:0.21, SR1:109.74, A:1110000.00, Circ pump counter: 0
2023-09-22 17:23:28 T1:29.56, T2:22.83, T3:22.79, T4:22.69, T5:22.49, T6:22.52, T7:22.32, T8:22.18, T9:22.01, T10:22.18, T11:22.15, T12:22.08, T13:22.15, T14:8.50, T15:30.50, F1:0.21, F2:0.21, F3:0.21, SR1:110.93, A:1110000.00, Circ pump counter: 0
2023-09-22 17:23:34 T1:29.59, T2:22.83, T3:22.76, T4:22.69, T5:22.49, T6:22.52, T7:22.32, T8:22.18, T9:22.01, T10:22.22, T11:22.15, T12:22.12, T13:22.15, T14:21.30, T15:30.50, F1:0.21, F2:0.21, F3:0.21, SR1:116.41, A:1110000.00, Circ pump counter: 0
2023-09-22 17:23:39 T1:29.56, T2:22.79, T3:22.76, T4:22.69, T5:22.49, T6:22.52, T7:22.29, T8:22.18, T9:22.05, T10:22.18, T11:22.18, T12:22.12, T13:22.15, T14:21.30, T15:30.50, F1:0.21, F2:0.22, F3:0.21, SR1:118.66, A:1110000.00, Circ pump counter: 0
2023-09-22 17:23:45 T1:29.56, T2:22.83, T3:22.79, T4:22.69, T5:22.45, T6:22.52, T7:22.32, T8:22.18, T9:22.01, T10:22.18, T11:22.15, T12:22.12, T13:22.15, T14:21.30, T15:30.50, F1:0.20, F2:0.21, F3:0.21, SR1:117.17, A:1110000.00, Circ pump counter: 0
2023-09-22 17:23:50 T1:29.56, T2:22.76, T3:22.79, T4:22.69, T5:22.49, T6:22.52, T7:22.29, T8:22.18, T9:22.01, T10:22.18, T11:22.18, T12:22.12, T13:22.15, T14:8.50, T15:30.50, F1:0.21, F2:0.21, F3:0.21, SR1:112.71, A:1110000.00, Circ pump counter: 0
2023-09-22 17:23:56 T1:29.59, T2:22.76, T3:22.79, T4:22.72, T5:22.49, T6:22.52, T7:22.29, T8:22.18, T9:22.01, T10:22.18, T11:22.15, T12:22.12, T13:22.15, T14:21.30, T15:30.50, F1:0.21, F2:0.21, F3:0.21, SR1:109.31, A:1110000.00, Circ pump counter: 0
2023-09-22 17:24:01 T1:29.56, T2:22.83, T3:22.79, T4:22.72, T5:22.45, T6:22.52, T7:22.29, T8:22.18, T9:22.01, T10:22.22, T11:22.15, T12:22.12, T13:22.15, T14:nan, T15:30.50, F1:0.21, F2:0.21, F3:0.21, SR1:107.47, A:1110000.00, Circ pump counter: 0
2023-09-22 17:24:07 T1:29.56, T2:22.76, T3:22.79, T4:22.72, T5:22.45, T6:22.52, T7:22.29, T8:22.18, T9:22.01, T10:22.18, T11:22.15, T12:22.12, T13:22.15, T14:21.30, T15:30.50, F1:0.21, F2:0.22, F3:0.21, SR1:109.42, A:1110000.00, Circ pump counter: 0
2023-09-22 17:24:12 T1:29.56, T2:22.76, T3:22.79, T4:22.72, T5:22.45, T6:22.56, T7:22.32, T8:22.18, T9:22.01, T10:22.18, T11:22.15, T12:22.12, T13:22.18, T14:nan, T15:30.50, F1:0.22, F2:0.21, F3:0.20, SR1:36.77, A:1110000.00, Circ pump counter: 0
2023-09-22 17:24:18 T1:29.56, T2:22.79, T3:22.83, T4:22.72, T5:22.49, T6:22.52, T7:22.32, T8:22.18, T9:22.01, T10:22.22, T11:22.18, T12:22.12, T13:22.15, T14:nan, T15:30.50, F1:0.21, F2:0.21, F3:0.21, SR1:36.79, A:1110000.00, Circ pump counter: 0
2023-09-22 17:24:23 T1:29.59, T2:22.79, T3:22.79, T4:22.69, T5:22.45, T6:22.52, T7:22.32, T8:22.18, T9:22.01, T10:22.22, T11:22.18, T12:22.12, T13:22.15, T14:21.30, T15:30.50, F1:0.21, F2:0.21, F3:0.22, SR1:47.88, A:1110000.00, Circ pump counter: 0
2023-09-22 17:24:29 T1:29.59, T2:22.79, T3:22.79, T4:22.72, T5:22.45, T6:22.52, T7:22.32, T8:22.18, T9:22.01, T10:22.18, T11:22.15, T12:22.12, T13:22.15, T14:21.30, T15:30.50, F1:0.21, F2:0.21, F3:0.21, SR1:87.14, A:1110000.00, Circ pump counter: 0
2023-09-22 17:24:34 T1:29.56, T2:22.79, T3:22.79, T4:22.72, T5:22.45, T6:22.56, T7:22.32, T8:22.18, T9:22.05, T10:22.18, T11:22.18, T12:22.15, T13:22.18, T14:nan, T15:30.50, F1:0.21, F2:0.21, F3:0.21, SR1:99.24, A:1110000.00, Circ pump counter: 0
2023-09-22 17:24:40 T1:29.56, T2:22.76, T3:22.79, T4:22.72, T5:22.45, T6:22.56, T7:22.32, T8:22.18, T9:22.01, T10:22.22, T11:22.15, T12:22.15, T13:22.18, T14:21.30, T15:30.40, F1:0.21, F2:0.21, F3:0.21, SR1:103.94, A:1110000.00, Circ pump counter: 0
2023-09-22 17:24:45 T1:29.63, T2:22.79, T3:22.83, T4:22.72, T5:22.42, T6:22.52, T7:22.32, T8:22.18, T9:22.05, T10:22.18, T11:22.18, T12:22.12, T13:22.18, T14:8.50, T15:30.40, F1:0.21, F2:0.21, F3:0.21, SR1:100.71, A:1110000.00, Circ pump counter: 0
2023-09-22 17:24:51 T1:29.59, T2:22.76, T3:22.83, T4:22.72, T5:22.45, T6:22.56, T7:22.32, T8:22.18, T9:22.01, T10:22.18, T11:22.15, T12:22.12, T13:22.18, T14:21.30, T15:30.40, F1:0.21, F2:0.21, F3:0.21, SR1:101.95, A:1110000.00, Circ pump counter: 0
2023-09-22 17:24:56 T1:29.56, T2:22.72, T3:22.83, T4:22.72, T5:22.42, T6:22.56, T7:22.32, T8:22.18, T9:22.05, T10:22.22, T11:22.18, T12:22.12, T13:22.22, T14:21.30, T15:30.50, F1:0.22, F2:0.20, F3:0.21, SR1:112.30, A:1110000.00, Circ pump counter: 0
2023-09-22 17:25:02 T1:29.59, T2:22.72, T3:22.83, T4:22.76, T5:22.45, T6:22.56, T7:22.32, T8:22.18, T9:22.05, T10:22.22, T11:22.18, T12:22.12, T13:22.22, T14:8.50, T15:30.40, F1:0.21, F2:0.21, F3:0.21, SR1:107.73, A:1110000.00, Circ pump counter: 0
2023-09-22 17:25:07 T1:29.49, T2:22.76, T3:22.79, T4:22.72, T5:22.45, T6:22.59, T7:22.35, T8:22.18, T9:22.05, T10:22.22, T11:22.22, T12:22.08, T13:22.18, T14:21.30, T15:30.40, F1:0.21, F2:0.21, F3:0.21, SR1:85.94, A:1110000.00, Circ pump counter: 0
2023-09-22 17:25:13 T1:29.56, T2:22.76, T3:22.83, T4:22.72, T5:22.45, T6:22.59, T7:22.32, T8:22.18, T9:22.05, T10:22.22, T11:22.15, T12:22.15, T13:22.18, T14:8.50, T15:30.40, F1:0.21, F2:0.21, F3:0.21, SR1:75.70, A:1110000.00, Circ pump counter: 0
2023-09-22 17:25:18 T1:29.49, T2:22.72, T3:22.83, T4:22.76, T5:22.45, T6:22.79, T7:22.32, T8:22.18, T9:22.01, T10:22.18, T11:22.18, T12:22.15, T13:22.15, T14:8.50, T15:30.40, F1:0.21, F2:0.21, F3:0.21, SR1:71.41, A:1110000.00, Circ pump counter: 0
2023-09-22 17:25:24 T1:29.53, T2:22.76, T3:22.79, T4:22.76, T5:22.45, T6:23.06, T7:22.32, T8:22.18, T9:22.05, T10:22.22, T11:22.22, T12:22.12, T13:22.22, T14:nan, T15:30.40, F1:0.22, F2:0.21, F3:0.21, SR1:68.51, A:1110000.00, Circ pump counter: 0
2023-09-22 17:25:30 T1:29.56, T2:22.72, T3:22.83, T4:22.72, T5:22.45, T6:23.37, T7:22.32, T8:22.18, T9:22.05, T10:22.22, T11:22.18, T12:22.15, T13:22.18, T14:nan, T15:30.40, F1:0.21, F2:0.21, F3:0.21, SR1:79.32, A:1110000.00, Circ pump counter: 0
2023-09-22 17:25:35 T1:29.49, T2:22.76, T3:22.83, T4:22.76, T5:22.45, T6:23.67, T7:22.35, T8:22.18, T9:22.05, T10:22.22, T11:22.15, T12:22.08, T13:22.22, T14:nan, T15:30.50, F1:0.22, F2:0.21, F3:0.21, SR1:84.88, A:1110000.00, Circ pump counter: 0
2023-09-22 17:25:41 T1:29.56, T2:22.76, T3:22.83, T4:22.72, T5:22.45, T6:23.94, T7:22.35, T8:22.22, T9:22.01, T10:22.22, T11:22.18, T12:22.12, T13:22.18, T14:21.30, T15:30.50, F1:0.21, F2:0.21, F3:0.21, SR1:91.83, A:1110000.00, Circ pump counter: 0
2023-09-22 17:25:46 T1:29.59, T2:22.72, T3:22.86, T4:22.72, T5:22.45, T6:24.18, T7:22.32, T8:22.22, T9:22.01, T10:22.22, T11:22.15, T12:22.08, T13:22.18, T14:8.50, T15:30.50, F1:0.21, F2:0.22, F3:0.21, SR1:121.65, A:1110000.00, Circ pump counter: 0
2023-09-22 17:25:52 T1:29.59, T2:22.72, T3:22.83, T4:22.76, T5:22.45, T6:24.42, T7:22.35, T8:22.18, T9:22.01, T10:22.22, T11:22.18, T12:22.12, T13:22.15, T14:8.50, T15:30.50, F1:0.21, F2:0.22, F3:0.21, SR1:142.61, A:1110000.00, Circ pump counter: 0
2023-09-22 17:25:57 T1:29.53, T2:22.69, T3:22.83, T4:22.76, T5:22.45, T6:24.58, T7:22.35, T8:22.18, T9:22.01, T10:22.22, T11:22.18, T12:22.12, T13:22.18, T14:nan, T15:30.50, F1:0.21, F2:0.21, F3:0.22, SR1:138.93, A:1110000.00, Circ pump counter: 0
2023-09-22 17:26:03 T1:29.56, T2:22.76, T3:22.83, T4:22.72, T5:22.45, T6:24.72, T7:22.35, T8:22.18, T9:22.01, T10:22.22, T11:22.18, T12:22.12, T13:22.18, T14:nan, T15:30.50, F1:0.21, F2:0.22, F3:0.21, SR1:134.23, A:1110000.00, Circ pump counter: 0
2023-09-22 17:26:08 T1:29.53, T2:22.72, T3:22.83, T4:22.72, T5:22.45, T6:24.82, T7:22.35, T8:22.18, T9:22.01, T10:22.22, T11:22.18, T12:22.15, T13:22.22, T14:nan, T15:30.50, F1:0.22, F2:0.21, F3:0.21, SR1:132.98, A:1110000.00, Circ pump counter: 0
2023-09-22 17:26:14 T1:29.53, T2:22.72, T3:22.83, T4:22.76, T5:22.45, T6:24.89, T7:22.35, T8:22.18, T9:22.01, T10:22.22, T11:22.15, T12:22.15, T13:22.18, T14:nan, T15:30.50, F1:0.21, F2:0.21, F3:0.21, SR1:133.17, A:1110000.00, Circ pump counter: 0
2023-09-22 17:26:19 T1:29.56, T2:22.76, T3:22.83, T4:22.76, T5:22.42, T6:24.99, T7:22.35, T8:22.22, T9:22.05, T10:22.22, T11:22.18, T12:22.12, T13:22.15, T14:21.30, T15:30.50, F1:0.21, F2:0.21, F3:0.21, SR1:131.24, A:1110000.00, Circ pump counter: 0
2023-09-22 17:26:25 T1:29.53, T2:22.69, T3:22.83, T4:22.76, T5:22.45, T6:25.02, T7:22.39, T8:22.22, T9:22.01, T10:22.18, T11:22.18, T12:22.08, T13:22.22, T14:21.30, T15:30.50, F1:0.21, F2:0.22, F3:0.21, SR1:131.83, A:1110000.00, Circ pump counter: 0
2023-09-22 17:26:30 T1:29.53, T2:22.72, T3:22.83, T4:22.72, T5:22.45, T6:25.13, T7:22.45, T8:22.22, T9:22.05, T10:22.22, T11:22.22, T12:22.15, T13:22.25, T14:21.30, T15:30.50, F1:0.21, F2:0.22, F3:0.21, SR1:132.13, A:1110000.00, Circ pump counter: 0
2023-09-22 17:26:36 T1:29.53, T2:22.76, T3:22.83, T4:22.76, T5:22.45, T6:25.23, T7:22.52, T8:22.18, T9:22.05, T10:22.22, T11:22.22, T12:22.12, T13:22.18, T14:nan, T15:30.60, F1:0.21, F2:0.21, F3:0.21, SR1:133.15, A:1110000.00, Circ pump counter: 0
2023-09-22 17:26:41 T1:29.59, T2:22.72, T3:22.83, T4:22.76, T5:22.45, T6:25.29, T7:22.66, T8:22.18, T9:22.05, T10:22.22, T11:22.22, T12:22.08, T13:22.18, T14:nan, T15:30.60, F1:0.21, F2:0.21, F3:0.22, SR1:136.72, A:1110000.00, Circ pump counter: 0
2023-09-22 17:26:47 T1:29.49, T2:22.72, T3:22.83, T4:22.76, T5:22.45, T6:25.40, T7:22.79, T8:22.18, T9:22.05, T10:22.22, T11:22.15, T12:22.18, T13:22.22, T14:8.60, T15:30.60, F1:0.21, F2:0.21, F3:0.21, SR1:144.47, A:1110000.00, Circ pump counter: 0
2023-09-22 17:26:52 T1:29.56, T2:22.76, T3:22.83, T4:22.72, T5:22.49, T6:25.57, T7:22.93, T8:22.22, T9:22.05, T10:22.22, T11:22.18, T12:22.12, T13:22.22, T14:21.40, T15:30.60, F1:0.22, F2:0.20, F3:0.21, SR1:149.67, A:1110000.00, Circ pump counter: 0
2023-09-22 17:26:58 T1:29.53, T2:22.72, T3:22.83, T4:22.72, T5:22.45, T6:25.70, T7:23.06, T8:22.18, T9:22.05, T10:22.22, T11:22.22, T12:22.12, T13:22.18, T14:nan, T15:30.60, F1:0.21, F2:0.21, F3:0.22, SR1:153.22, A:1110000.00, Circ pump counter: 0
2023-09-22 17:27:03 T1:29.59, T2:22.76, T3:22.79, T4:22.76, T5:22.45, T6:25.87, T7:23.20, T8:22.22, T9:22.05, T10:22.22, T11:22.22, T12:22.15, T13:22.22, T14:nan, T15:30.60, F1:0.21, F2:0.21, F3:0.21, SR1:154.98, A:1110000.00, Circ pump counter: 0
2023-09-22 17:27:09 T1:29.56, T2:22.72, T3:22.83, T4:22.76, T5:22.45, T6:26.07, T7:23.27, T8:22.22, T9:22.05, T10:22.22, T11:22.25, T12:22.15, T13:22.18, T14:21.40, T15:30.60, F1:0.21, F2:0.21, F3:0.21, SR1:152.94, A:1110000.00, Circ pump counter: 0
2023-09-22 17:27:14 T1:29.53, T2:22.69, T3:22.83, T4:22.76, T5:22.49, T6:26.24, T7:23.40, T8:22.18, T9:22.05, T10:22.25, T11:22.25, T12:22.12, T13:22.22, T14:21.40, T15:30.60, F1:0.21, F2:0.21, F3:0.22, SR1:150.49, A:1110000.00, Circ pump counter: 0
2023-09-22 17:27:20 T1:29.56, T2:22.72, T3:22.83, T4:22.72, T5:22.45, T6:26.48, T7:23.47, T8:22.18, T9:22.05, T10:22.25, T11:22.22, T12:22.15, T13:22.18, T14:21.40, T15:30.60, F1:0.20, F2:0.21, F3:0.21, SR1:149.82, A:1110000.00, Circ pump counter: 0
2023-09-22 17:27:25 T1:29.56, T2:22.76, T3:22.83, T4:22.76, T5:22.49, T6:26.65, T7:23.54, T8:22.18, T9:22.05, T10:22.25, T11:22.32, T12:22.15, T13:22.18, T14:8.60, T15:30.60, F1:0.21, F2:0.22, F3:0.21, SR1:151.19, A:1110000.00, Circ pump counter: 0
2023-09-22 17:27:31 T1:29.49, T2:22.72, T3:22.83, T4:22.72, T5:22.49, T6:26.88, T7:23.57, T8:22.22, T9:22.05, T10:22.22, T11:22.29, T12:22.18, T13:22.18, T14:8.60, T15:30.60, F1:0.21, F2:0.21, F3:0.21, SR1:152.64, A:1110000.00, Circ pump counter: 0
2023-09-22 17:27:36 T1:29.56, T2:22.76, T3:22.79, T4:22.72, T5:22.49, T6:27.09, T7:23.64, T8:22.22, T9:22.05, T10:22.25, T11:22.25, T12:22.15, T13:22.25, T14:8.60, T15:30.70, F1:0.21, F2:0.21, F3:0.21, SR1:153.76, A:1110000.00, Circ pump counter: 0
2023-09-22 17:27:42 T1:29.53, T2:22.76, T3:22.79, T4:22.76, T5:22.49, T6:27.26, T7:23.70, T8:22.22, T9:22.08, T10:22.25, T11:22.25, T12:22.15, T13:22.18, T14:8.60, T15:30.70, F1:0.21, F2:0.21, F3:0.21, SR1:152.44, A:1110000.00, Circ pump counter: 0
2023-09-22 17:27:47 T1:29.63, T2:22.72, T3:22.79, T4:22.72, T5:22.49, T6:27.46, T7:23.74, T8:22.22, T9:22.08, T10:22.25, T11:22.32, T12:22.15, T13:22.15, T14:21.40, T15:30.70, F1:0.21, F2:0.21, F3:0.21, SR1:151.51, A:1110000.00, Circ pump counter: 0
2023-09-22 17:27:53 T1:29.56, T2:22.72, T3:22.83, T4:22.76, T5:22.49, T6:27.60, T7:23.81, T8:22.18, T9:22.08, T10:22.29, T11:22.32, T12:22.18, T13:22.18, T14:nan, T15:30.70, F1:0.21, F2:0.21, F3:0.21, SR1:150.75, A:1110000.00, Circ pump counter: 0
2023-09-22 17:27:58 T1:29.56, T2:22.76, T3:22.79, T4:22.72, T5:22.49, T6:27.77, T7:23.84, T8:22.22, T9:22.08, T10:22.25, T11:22.32, T12:22.15, T13:22.22, T14:8.60, T15:30.70, F1:0.21, F2:0.21, F3:0.21, SR1:151.45, A:1110000.00, Circ pump counter: 0
2023-09-22 17:28:04 T1:29.59, T2:22.72, T3:22.79, T4:22.72, T5:22.49, T6:27.90, T7:23.91, T8:22.18, T9:22.08, T10:22.29, T11:22.35, T12:22.18, T13:22.18, T14:21.40, T15:30.70, F1:0.21, F2:0.22, F3:0.21, SR1:152.33, A:1110000.00, Circ pump counter: 0
2023-09-22 17:28:09 T1:29.63, T2:22.72, T3:22.83, T4:22.76, T5:22.52, T6:28.07, T7:23.94, T8:22.22, T9:22.08, T10:22.29, T11:22.32, T12:22.18, T13:22.22, T14:21.40, T15:30.70, F1:0.21, F2:0.21, F3:0.21, SR1:154.48, A:1110000.00, Circ pump counter: 0
2023-09-22 17:28:15 T1:29.56, T2:22.72, T3:22.79, T4:22.76, T5:22.49, T6:28.17, T7:24.01, T8:22.22, T9:22.12, T10:22.25, T11:22.39, T12:22.15, T13:22.22, T14:nan, T15:30.70, F1:0.21, F2:0.22, F3:0.20, SR1:155.97, A:1110000.00, Circ pump counter: 0
2023-09-22 17:28:20 T1:29.56, T2:22.72, T3:22.79, T4:22.72, T5:22.49, T6:28.31, T7:24.11, T8:22.22, T9:22.08, T10:22.29, T11:22.35, T12:22.22, T13:22.18, T14:21.40, T15:30.70, F1:0.21, F2:0.21, F3:0.21, SR1:156.41, A:1110000.00, Circ pump counter: 0
2023-09-22 17:28:26 T1:29.59, T2:22.76, T3:22.79, T4:22.76, T5:22.49, T6:28.41, T7:24.18, T8:22.18, T9:22.08, T10:22.25, T11:22.35, T12:22.15, T13:22.25, T14:21.40, T15:30.70, F1:0.21, F2:0.21, F3:0.21, SR1:155.45, A:1110000.00, Circ pump counter: 0
2023-09-22 17:28:32 T1:29.56, T2:22.76, T3:22.83, T4:22.76, T5:22.49, T6:28.54, T7:24.28, T8:22.22, T9:22.08, T10:22.25, T11:22.42, T12:22.18, T13:22.18, T14:nan, T15:30.70, F1:0.21, F2:0.21, F3:0.21, SR1:154.39, A:1110000.00, Circ pump counter: 0
2023-09-22 17:28:37 T1:29.53, T2:22.76, T3:22.83, T4:22.72, T5:22.49, T6:28.65, T7:24.35, T8:22.22, T9:22.08, T10:22.29, T11:22.42, T12:22.22, T13:22.18, T14:8.60, T15:30.70, F1:0.22, F2:0.21, F3:0.21, SR1:153.61, A:1110000.00, Circ pump counter: 0
2023-09-22 17:28:43 T1:29.56, T2:22.79, T3:22.79, T4:22.76, T5:22.52, T6:28.75, T7:24.45, T8:22.22, T9:22.12, T10:22.25, T11:22.45, T12:22.25, T13:22.18, T14:21.40, T15:30.70, F1:0.21, F2:0.21, F3:0.21, SR1:153.29, A:1110000.00, Circ pump counter: 0
2023-09-22 17:28:48 T1:29.56, T2:22.69, T3:22.79, T4:22.72, T5:22.49, T6:28.85, T7:24.52, T8:22.22, T9:22.12, T10:22.29, T11:22.45, T12:22.25, T13:22.18, T14:8.60, T15:30.70, F1:0.21, F2:0.21, F3:0.21, SR1:153.14, A:1110000.00, Circ pump counter: 0
2023-09-22 17:28:54 T1:29.63, T2:22.79, T3:22.79, T4:22.72, T5:22.49, T6:28.95, T7:24.62, T8:22.22, T9:22.08, T10:22.29, T11:22.49, T12:22.18, T13:22.22, T14:8.60, T15:30.80, F1:0.22, F2:0.21, F3:0.20, SR1:153.48, A:1110000.00, Circ pump counter: 0
2023-09-22 17:28:59 T1:29.59, T2:22.72, T3:22.83, T4:22.72, T5:22.52, T6:29.05, T7:24.72, T8:22.22, T9:22.08, T10:22.25, T11:22.52, T12:22.25, T13:22.25, T14:8.60, T15:30.80, F1:0.21, F2:0.21, F3:0.22, SR1:153.48, A:1110000.00, Circ pump counter: 0
2023-09-22 17:29:05 T1:29.59, T2:22.76, T3:22.79, T4:22.72, T5:22.52, T6:29.19, T7:24.79, T8:22.22, T9:22.12, T10:22.29, T11:22.52, T12:22.25, T13:22.22, T14:nan, T15:30.80, F1:0.21, F2:0.21, F3:0.21, SR1:153.61, A:1110000.00, Circ pump counter: 0
2023-09-22 17:29:10 T1:29.63, T2:22.79, T3:22.79, T4:22.72, T5:22.52, T6:29.29, T7:24.86, T8:22.22, T9:22.15, T10:22.29, T11:22.56, T12:22.29, T13:22.22, T14:8.60, T15:30.80, F1:0.21, F2:0.21, F3:0.21, SR1:153.68, A:1110000.00, Circ pump counter: 0
2023-09-22 17:29:16 T1:29.59, T2:22.76, T3:22.79, T4:22.72, T5:22.52, T6:29.39, T7:24.92, T8:22.25, T9:22.15, T10:22.32, T11:22.56, T12:22.29, T13:22.25, T14:8.60, T15:30.80, F1:0.21, F2:0.21, F3:0.21, SR1:153.24, A:1110000.00, Circ pump counter: 0
2023-09-22 17:29:21 T1:29.66, T2:22.76, T3:22.83, T4:22.72, T5:22.49, T6:29.56, T7:24.96, T8:22.22, T9:22.18, T10:22.35, T11:22.59, T12:22.29, T13:22.22, T14:8.60, T15:30.80, F1:0.21, F2:0.21, F3:0.21, SR1:152.88, A:1110000.00, Circ pump counter: 0
2023-09-22 17:29:27 T1:29.63, T2:22.72, T3:22.79, T4:22.72, T5:22.52, T6:29.70, T7:25.02, T8:22.22, T9:22.15, T10:22.39, T11:22.59, T12:22.32, T13:22.25, T14:nan, T15:30.80, F1:0.21, F2:0.22, F3:0.21, SR1:152.49, A:1110000.00, Circ pump counter: 0
2023-10-06 17:34:49 T1:27.77, T2:21.20, T3:21.17, T4:21.10, T5:20.83, T6:20.49, T7:20.26, T8:20.16, T9:19.99, T10:20.16, T11:20.12, T12:19.92, T13:20.06, T14:nan, T15:33.00, F1:0.75, F2:1.31, F3:1.99, SR1:203.26, A:1110000.00, Circ pump counter: 0
2023-10-06 17:34:54 T1:27.73, T2:21.20, T3:21.17, T4:21.10, T5:20.83, T6:20.49, T7:20.26, T8:20.16, T9:19.99, T10:20.16, T11:20.09, T12:19.92, T13:20.06, T14:nan, T15:32.90, F1:0.76, F2:1.31, F3:1.98, SR1:182.37, A:1110000.00, Circ pump counter: 0
2023-10-06 17:35:00 T1:27.77, T2:21.17, T3:21.17, T4:21.07, T5:20.80, T6:20.46, T7:20.22, T8:20.16, T9:19.95, T10:20.12, T11:20.12, T12:19.92, T13:20.06, T14:21.50, T15:32.90, F1:0.75, F2:1.31, F3:1.98, SR1:173.34, A:1110000.00, Circ pump counter: 0
2023-10-06 17:35:06 T1:27.77, T2:21.17, T3:21.17, T4:21.10, T5:20.83, T6:20.49, T7:20.26, T8:20.16, T9:19.99, T10:20.12, T11:20.12, T12:19.92, T13:20.06, T14:21.40, T15:32.90, F1:0.76, F2:1.31, F3:1.99, SR1:164.74, A:1110000.00, Circ pump counter: 0
2023-10-06 17:35:11 T1:27.73, T2:21.17, T3:21.17, T4:21.10, T5:20.80, T6:20.49, T7:20.22, T8:20.12, T9:19.95, T10:20.16, T11:20.12, T12:19.92, T13:20.09, T14:21.50, T15:32.90, F1:0.75, F2:1.31, F3:1.99, SR1:158.20, A:1110000.00, Circ pump counter: 0
2023-10-06 17:35:17 T1:27.73, T2:21.17, T3:21.17, T4:21.10, T5:20.80, T6:20.49, T7:20.22, T8:20.12, T9:19.95, T10:20.12, T11:20.12, T12:19.92, T13:20.06, T14:nan, T15:32.90, F1:0.75, F2:1.30, F3:1.99, SR1:151.58, A:1110000.00, Circ pump counter: 0
2023-10-06 17:35:22 T1:27.73, T2:21.17, T3:21.17, T4:21.10, T5:20.76, T6:20.49, T7:20.22, T8:20.12, T9:19.95, T10:20.12, T11:20.12, T12:19.92, T13:20.09, T14:21.40, T15:32.80, F1:0.75, F2:1.31, F3:1.99, SR1:147.40, A:1110000.00, Circ pump counter: 0
2023-10-06 17:35:28 T1:27.73, T2:21.17, T3:21.17, T4:21.10, T5:20.80, T6:20.49, T7:20.22, T8:20.12, T9:19.95, T10:20.12, T11:20.12, T12:19.92, T13:20.06, T14:21.40, T15:32.90, F1:0.75, F2:1.31, F3:1.98, SR1:143.70, A:1110000.00, Circ pump counter: 0
2023-10-06 17:35:33 T1:27.73, T2:21.14, T3:21.17, T4:21.10, T5:20.73, T6:20.46, T7:20.22, T8:20.12, T9:19.95, T10:20.12, T11:20.12, T12:19.92, T13:20.09, T14:21.50, T15:32.90, F1:0.75, F2:1.30, F3:1.98, SR1:139.49, A:1110000.00, Circ pump counter: 0
2023-10-06 17:35:39 T1:27.73, T2:21.14, T3:21.20, T4:21.10, T5:20.76, T6:20.46, T7:20.22, T8:20.12, T9:19.92, T10:20.12, T11:20.12, T12:19.92, T13:20.09, T14:nan, T15:32.80, F1:0.75, F2:1.30, F3:1.99, SR1:137.09, A:1110000.00, Circ pump counter: 0
2023-10-06 17:35:44 T1:27.70, T2:21.14, T3:21.17, T4:21.10, T5:20.73, T6:20.46, T7:20.22, T8:20.12, T9:19.92, T10:20.12, T11:20.12, T12:19.92, T13:20.09, T14:21.50, T15:32.80, F1:0.75, F2:1.31, F3:1.99, SR1:135.21, A:1110000.00, Circ pump counter: 0
2023-10-06 17:35:50 T1:27.70, T2:21.10, T3:21.20, T4:21.10, T5:20.73, T6:20.46, T7:20.22, T8:20.12, T9:19.92, T10:20.12, T11:20.12, T12:19.95, T13:20.09, T14:21.50, T15:32.80, F1:0.75, F2:1.30, F3:1.99, SR1:133.50, A:1110000.00, Circ pump counter: 0
2023-10-06 17:35:55 T1:27.70, T2:21.10, T3:21.20, T4:21.10, T5:20.73, T6:20.46, T7:20.22, T8:20.09, T9:19.95, T10:20.12, T11:20.12, T12:19.95, T13:20.09, T14:nan, T15:32.80, F1:0.75, F2:1.30, F3:1.98, SR1:131.81, A:1110000.00, Circ pump counter: 0
2023-10-06 17:36:01 T1:27.73, T2:21.10, T3:21.17, T4:21.14, T5:20.73, T6:20.46, T7:20.22, T8:20.09, T9:19.92, T10:20.12, T11:20.12, T12:19.92, T13:20.09, T14:21.50, T15:32.80, F1:0.75, F2:1.30, F3:1.98, SR1:130.36, A:1110000.00, Circ pump counter: 0
2023-10-06 17:36:06 T1:27.66, T2:21.10, T3:21.20, T4:21.10, T5:20.73, T6:20.46, T7:20.19, T8:20.09, T9:19.95, T10:20.12, T11:20.16, T12:19.95, T13:20.09, T14:nan, T15:32.80, F1:0.75, F2:1.30, F3:1.98, SR1:128.97, A:1110000.00, Circ pump counter: 0
2023-10-06 17:36:12 T1:27.70, T2:21.10, T3:21.17, T4:21.10, T5:20.73, T6:20.46, T7:20.22, T8:20.12, T9:19.95, T10:20.12, T11:20.16, T12:19.95, T13:20.09, T14:21.50, T15:32.80, F1:0.74, F2:1.30, F3:1.98, SR1:127.52, A:1110000.00, Circ pump counter: 0
2023-10-06 17:36:17 T1:27.66, T2:21.10, T3:21.20, T4:21.10, T5:20.70, T6:20.46, T7:20.22, T8:20.09, T9:19.92, T10:20.12, T11:20.16, T12:19.95, T13:20.12, T14:nan, T15:32.70, F1:0.75, F2:1.30, F3:1.98, SR1:125.59, A:1110000.00, Circ pump counter: 0
2023-10-06 17:36:23 T1:27.66, T2:21.07, T3:21.17, T4:21.14, T5:20.70, T6:20.46, T7:20.22, T8:20.09, T9:19.95, T10:20.12, T11:20.12, T12:19.95, T13:20.12, T14:21.50, T15:32.70, F1:0.75, F2:1.30, F3:1.98, SR1:124.64, A:1110000.00, Circ pump counter: 0
2023-10-06 17:36:28 T1:27.66, T2:21.07, T3:21.20, T4:21.14, T5:20.73, T6:20.46, T7:20.22, T8:20.09, T9:19.92, T10:20.12, T11:20.12, T12:19.95, T13:20.09, T14:21.50, T15:32.70, F1:0.74, F2:1.30, F3:1.98, SR1:123.67, A:1110000.00, Circ pump counter: 0
2023-10-06 17:36:34 T1:27.66, T2:21.03, T3:21.20, T4:21.10, T5:20.70, T6:20.46, T7:20.22, T8:20.06, T9:19.95, T10:20.12, T11:20.16, T12:19.95, T13:20.12, T14:21.50, T15:32.70, F1:0.75, F2:1.30, F3:1.98, SR1:122.60, A:1110000.00, Circ pump counter: 0
2023-10-06 17:36:39 T1:27.63, T2:21.03, T3:21.20, T4:21.14, T5:20.70, T6:20.46, T7:20.22, T8:20.09, T9:19.95, T10:20.12, T11:20.16, T12:19.95, T13:20.12, T14:nan, T15:32.70, F1:0.74, F2:1.30, F3:1.99, SR1:122.24, A:1110000.00, Circ pump counter: 0
2023-10-06 17:36:45 T1:27.63, T2:20.97, T3:21.20, T4:21.14, T5:20.70, T6:20.46, T7:20.22, T8:20.09, T9:19.95, T10:20.12, T11:20.16, T12:19.95, T13:20.12, T14:21.50, T15:32.70, F1:0.72, F2:1.22, F3:1.88, SR1:177.95, A:1110000.00, Circ pump counter: 0
2023-10-06 17:36:50 T1:27.60, T2:20.93, T3:21.20, T4:21.14, T5:20.73, T6:20.46, T7:20.22, T8:20.09, T9:19.95, T10:20.16, T11:20.16, T12:19.95, T13:20.12, T14:nan, T15:32.70, F1:0.70, F2:0.77, F3:0.43, SR1:168.12, A:1110000.00, Circ pump counter: 0
2023-10-06 17:36:56 T1:27.63, T2:21.07, T3:21.20, T4:21.10, T5:20.70, T6:20.46, T7:20.22, T8:20.09, T9:19.95, T10:20.12, T11:20.12, T12:19.95, T13:20.12, T14:21.50, T15:32.70, F1:0.74, F2:1.30, F3:1.98, SR1:161.23, A:1110000.00, Circ pump counter: 0
2023-10-06 17:37:01 T1:27.60, T2:21.03, T3:21.20, T4:21.14, T5:20.70, T6:20.46, T7:20.22, T8:20.09, T9:19.99, T10:20.12, T11:20.16, T12:19.95, T13:20.16, T14:nan, T15:32.70, F1:0.74, F2:1.30, F3:1.98, SR1:155.02, A:1110000.00, Circ pump counter: 0
2023-10-06 17:37:07 T1:27.60, T2:20.97, T3:21.20, T4:21.14, T5:20.70, T6:20.46, T7:20.22, T8:20.06, T9:19.95, T10:20.16, T11:20.16, T12:19.99, T13:20.12, T14:nan, T15:32.60, F1:0.42, F2:1.30, F3:1.98, SR1:149.84, A:1110000.00, Circ pump counter: 0
2023-10-06 17:37:12 T1:27.60, T2:20.97, T3:21.20, T4:21.14, T5:20.73, T6:20.46, T7:20.22, T8:20.09, T9:19.95, T10:20.12, T11:20.12, T12:19.95, T13:20.12, T14:21.50, T15:32.60, F1:0.42, F2:1.30, F3:1.99, SR1:145.10, A:1110000.00, Circ pump counter: 0
2023-10-06 17:37:18 T1:27.60, T2:21.00, T3:21.20, T4:21.14, T5:20.70, T6:20.46, T7:20.26, T8:20.09, T9:19.95, T10:20.12, T11:20.16, T12:19.95, T13:20.12, T14:21.50, T15:32.60, F1:0.42, F2:1.30, F3:1.98, SR1:141.51, A:1110000.00, Circ pump counter: 0
2023-10-06 17:37:23 T1:27.60, T2:20.97, T3:21.20, T4:21.14, T5:20.70, T6:20.46, T7:20.22, T8:20.09, T9:19.99, T10:20.16, T11:20.16, T12:19.99, T13:20.12, T14:21.50, T15:32.60, F1:0.43, F2:1.30, F3:1.98, SR1:138.15, A:1110000.00, Circ pump counter: 0
2023-10-06 17:37:29 T1:27.56, T2:20.97, T3:21.20, T4:21.10, T5:20.70, T6:20.46, T7:20.22, T8:20.09, T9:19.99, T10:20.16, T11:20.16, T12:19.95, T13:20.12, T14:21.50, T15:32.60, F1:0.42, F2:1.30, F3:1.98, SR1:135.31, A:1110000.00, Circ pump counter: 0
2023-10-06 17:37:35 T1:27.56, T2:20.97, T3:21.20, T4:21.14, T5:20.73, T6:20.46, T7:20.22, T8:20.09, T9:19.95, T10:20.16, T11:20.16, T12:19.95, T13:20.12, T14:nan, T15:32.60, F1:0.48, F2:1.30, F3:1.98, SR1:132.87, A:1110000.00, Circ pump counter: 0
2023-10-06 17:37:40 T1:27.56, T2:20.90, T3:21.20, T4:21.14, T5:20.70, T6:20.46, T7:20.22, T8:20.09, T9:19.99, T10:20.16, T11:20.16, T12:19.99, T13:20.12, T14:21.50, T15:32.50, F1:0.74, F2:1.30, F3:1.98, SR1:130.94, A:1110000.00, Circ pump counter: 0
2023-10-06 17:37:46 T1:27.53, T2:20.93, T3:21.20, T4:21.14, T5:20.73, T6:20.46, T7:20.22, T8:20.09, T9:19.99, T10:20.16, T11:20.12, T12:19.95, T13:20.12, T14:21.50, T15:32.60, F1:0.75, F2:1.30, F3:1.98, SR1:128.41, A:1110000.00, Circ pump counter: 0
2023-10-06 17:37:51 T1:27.53, T2:20.97, T3:21.20, T4:21.14, T5:20.73, T6:20.46, T7:20.22, T8:20.09, T9:19.99, T10:20.16, T11:20.16, T12:19.99, T13:20.16, T14:21.50, T15:32.60, F1:0.41, F2:1.30, F3:1.99, SR1:126.70, A:1110000.00, Circ pump counter: 0
2023-10-06 17:37:57 T1:27.53, T2:20.97, T3:21.20, T4:21.14, T5:20.73, T6:20.46, T7:20.22, T8:20.12, T9:19.95, T10:20.16, T11:20.16, T12:19.99, T13:20.12, T14:21.50, T15:32.60, F1:0.42, F2:1.30, F3:1.98, SR1:124.51, A:1110000.00, Circ pump counter: 0
2023-10-06 17:38:02 T1:27.56, T2:20.93, T3:21.20, T4:21.14, T5:20.73, T6:20.46, T7:20.22, T8:20.12, T9:19.99, T10:20.12, T11:20.16, T12:19.99, T13:20.16, T14:nan, T15:32.60, F1:0.42, F2:0.45, F3:1.99, SR1:122.37, A:1110000.00, Circ pump counter: 0
2023-10-06 17:38:08 T1:27.49, T2:20.90, T3:21.20, T4:21.14, T5:20.73, T6:20.46, T7:20.22, T8:20.09, T9:19.95, T10:20.16, T11:20.16, T12:19.99, T13:20.16, T14:21.50, T15:32.50, F1:0.42, F2:0.42, F3:1.99, SR1:120.37, A:1110000.00, Circ pump counter: 0
2023-10-06 17:38:13 T1:27.53, T2:20.90, T3:21.20, T4:21.14, T5:20.73, T6:20.46, T7:20.22, T8:20.09, T9:19.99, T10:20.16, T11:20.16, T12:19.99, T13:20.16, T14:nan, T15:32.50, F1:0.42, F2:0.42, F3:0.61, SR1:120.48, A:1110000.00, Circ pump counter: 0
2023-10-06 17:38:19 T1:27.53, T2:20.97, T3:21.20, T4:21.14, T5:20.73, T6:20.46, T7:20.22, T8:20.09, T9:19.99, T10:20.16, T11:20.19, T12:19.95, T13:20.16, T14:nan, T15:32.50, F1:0.43, F2:0.42, F3:0.42, SR1:118.79, A:1110000.00, Circ pump counter: 0
2023-10-06 17:38:24 T1:27.53, T2:20.97, T3:21.20, T4:21.10, T5:20.73, T6:20.46, T7:20.22, T8:20.09, T9:19.99, T10:20.16, T11:20.16, T12:19.95, T13:20.16, T14:nan, T15:32.50, F1:0.43, F2:0.42, F3:0.42, SR1:117.32, A:1110000.00, Circ pump counter: 0
2023-10-06 17:38:30 T1:27.49, T2:20.93, T3:21.20, T4:21.14, T5:20.73, T6:20.46, T7:20.22, T8:20.09, T9:19.95, T10:20.16, T11:20.12, T12:19.95, T13:20.16, T14:nan, T15:32.50, F1:0.42, F2:0.42, F3:0.42, SR1:115.89, A:1110000.00, Circ pump counter: 0
2023-10-06 17:38:35 T1:27.53, T2:20.93, T3:21.20, T4:21.14, T5:20.73, T6:20.46, T7:20.26, T8:20.12, T9:19.99, T10:20.16, T11:20.16, T12:19.99, T13:20.16, T14:21.50, T15:32.50, F1:0.43, F2:0.42, F3:0.42, SR1:114.42, A:1110000.00, Circ pump counter: 0
2023-10-06 17:38:41 T1:27.53, T2:20.93, T3:21.20, T4:21.14, T5:20.70, T6:20.46, T7:20.22, T8:20.09, T9:19.99, T10:20.16, T11:20.16, T12:19.99, T13:20.16, T14:nan, T15:32.50, F1:0.42, F2:0.42, F3:0.42, SR1:113.29, A:1110000.00, Circ pump counter: 0
2023-10-06 17:38:46 T1:27.53, T2:20.90, T3:21.20, T4:21.14, T5:20.73, T6:20.46, T7:20.22, T8:20.12, T9:19.99, T10:20.16, T11:20.16, T12:19.99, T13:20.16, T14:21.50, T15:32.50, F1:0.42, F2:0.42, F3:0.42, SR1:111.97, A:1110000.00, Circ pump counter: 0
2023-10-06 17:38:52 T1:27.53, T2:20.90, T3:21.20, T4:21.14, T5:20.73, T6:20.46, T7:20.22, T8:20.12, T9:19.95, T10:20.16, T11:20.16, T12:19.99, T13:20.16, T14:21.50, T15:32.40, F1:0.43, F2:0.43, F3:0.43, SR1:111.13, A:1110000.00, Circ pump counter: 0
2023-10-06 17:38:57 T1:27.49, T2:20.87, T3:21.20, T4:21.14, T5:20.73, T6:20.46, T7:20.22, T8:20.09, T9:19.99, T10:20.16, T11:20.16, T12:19.99, T13:20.16, T14:21.50, T15:32.40, F1:0.42, F2:0.42, F3:0.42, SR1:110.93, A:1110000.00, Circ pump counter: 0
2023-10-06 17:39:03 T1:27.53, T2:20.90, T3:21.20, T4:21.14, T5:20.73, T6:20.46, T7:20.22, T8:20.12, T9:19.99, T10:20.16, T11:20.16, T12:19.99, T13:20.16, T14:21.50, T15:32.40, F1:0.42, F2:0.43, F3:0.42, SR1:109.91, A:1110000.00, Circ pump counter: 0
2023-10-06 17:39:08 T1:27.49, T2:20.90, T3:21.20, T4:21.14, T5:20.73, T6:20.46, T7:20.26, T8:20.09, T9:19.99, T10:20.16, T11:20.19, T12:19.99, T13:20.16, T14:nan, T15:32.40, F1:0.42, F2:0.43, F3:0.42, SR1:108.88, A:1110000.00, Circ pump counter: 0
2023-10-06 17:39:14 T1:27.49, T2:20.87, T3:21.20, T4:21.14, T5:20.73, T6:20.46, T7:20.22, T8:20.12, T9:19.99, T10:20.16, T11:20.16, T12:20.02, T13:20.16, T14:nan, T15:32.40, F1:0.42, F2:0.43, F3:0.42, SR1:108.64, A:1110000.00, Circ pump counter: 0
2023-10-06 17:39:19 T1:27.53, T2:20.87, T3:21.24, T4:21.14, T5:20.73, T6:20.46, T7:20.26, T8:20.09, T9:19.95, T10:20.16, T11:20.16, T12:19.99, T13:20.16, T14:21.50, T15:32.40, F1:0.42, F2:0.42, F3:0.42, SR1:108.20, A:1110000.00, Circ pump counter: 0
2023-10-06 17:39:25 T1:27.53, T2:20.93, T3:21.24, T4:21.14, T5:20.73, T6:20.46, T7:20.22, T8:20.12, T9:19.99, T10:20.16, T11:20.16, T12:19.99, T13:20.16, T14:21.50, T15:32.40, F1:0.42, F2:0.42, F3:0.42, SR1:107.81, A:1110000.00, Circ pump counter: 0
2023-10-06 17:39:30 T1:27.53, T2:20.90, T3:21.24, T4:21.14, T5:20.73, T6:20.46, T7:20.26, T8:20.12, T9:19.99, T10:20.16, T11:20.16, T12:19.99, T13:20.16, T14:21.50, T15:32.40, F1:0.65, F2:0.56, F3:0.43, SR1:108.31, A:1110000.00, Circ pump counter: 0
2023-10-06 17:39:36 T1:27.49, T2:20.87, T3:21.24, T4:21.14, T5:20.73, T6:20.46, T7:20.22, T8:20.09, T9:19.95, T10:20.16, T11:20.19, T12:19.99, T13:20.19, T14:nan, T15:32.40, F1:0.75, F2:1.30, F3:1.98, SR1:108.44, A:1110000.00, Circ pump counter: 0
2023-10-06 17:39:41 T1:27.53, T2:20.87, T3:21.20, T4:21.14, T5:20.73, T6:20.46, T7:20.22, T8:20.12, T9:19.95, T10:20.16, T11:20.16, T12:19.99, T13:20.19, T14:nan, T15:32.30, F1:0.74, F2:1.30, F3:1.98, SR1:108.16, A:1110000.00, Circ pump counter: 0
2023-10-06 17:39:47 T1:27.53, T2:20.90, T3:21.20, T4:21.14, T5:20.73, T6:20.46, T7:20.26, T8:20.12, T9:19.99, T10:20.16, T11:20.19, T12:19.99, T13:20.19, T14:nan, T15:32.40, F1:0.75, F2:1.30, F3:1.98, SR1:107.66, A:1110000.00, Circ pump counter: 0
2023-10-06 17:39:52 T1:27.49, T2:20.90, T3:21.20, T4:21.14, T5:20.73, T6:20.46, T7:20.22, T8:20.12, T9:19.99, T10:20.16, T11:20.16, T12:19.99, T13:20.16, T14:nan, T15:32.30, F1:0.75, F2:1.30, F3:1.98, SR1:107.12, A:1110000.00, Circ pump counter: 0
2023-10-06 17:39:58 T1:27.53, T2:20.83, T3:21.20, T4:21.14, T5:20.73, T6:20.46, T7:20.22, T8:20.12, T9:19.95, T10:20.16, T11:20.16, T12:20.02, T13:20.16, T14:nan, T15:32.30, F1:0.74, F2:1.30, F3:1.98, SR1:106.95, A:1110000.00, Circ pump counter: 0
2023-10-06 17:40:03 T1:27.49, T2:20.90, T3:21.20, T4:21.14, T5:20.70, T6:20.49, T7:20.22, T8:20.09, T9:19.95, T10:20.16, T11:20.16, T12:19.99, T13:20.16, T14:21.50, T15:32.30, F1:0.74, F2:1.30, F3:1.99, SR1:106.86, A:1110000.00, Circ pump counter: 0
2023-10-06 17:40:27 T1:27.49, T2:20.83, T3:21.20, T4:21.14, T5:20.63, T6:20.46, T7:20.19, T8:20.12, T9:19.95, T10:20.16, T11:20.19, T12:20.02, T13:20.16, T14:nan, T15:32.30, F1:0.75, F2:1.30, F3:1.98, SR1:105.17, A:1110000.00, Circ pump counter: 0
2023-10-06 17:40:33 T1:27.49, T2:20.90, T3:21.20, T4:21.10, T5:20.66, T6:20.49, T7:20.19, T8:20.12, T9:19.95, T10:20.16, T11:20.19, T12:19.99, T13:20.16, T14:21.50, T15:32.30, F1:0.75, F2:1.30, F3:1.98, SR1:103.70, A:1110000.00, Circ pump counter: 0
2023-10-06 17:40:38 T1:27.49, T2:20.93, T3:21.17, T4:21.14, T5:20.63, T6:20.49, T7:20.19, T8:20.16, T9:19.95, T10:20.16, T11:20.19, T12:20.02, T13:20.16, T14:21.50, T15:32.30, F1:0.74, F2:1.30, F3:1.98, SR1:103.27, A:1110000.00, Circ pump counter: 0
2023-10-06 17:40:44 T1:27.46, T2:20.90, T3:21.17, T4:21.10, T5:20.63, T6:20.46, T7:20.19, T8:20.16, T9:19.95, T10:20.16, T11:20.19, T12:20.02, T13:20.19, T14:nan, T15:32.20, F1:0.74, F2:1.30, F3:1.99, SR1:102.31, A:1110000.00, Circ pump counter: 0
2023-10-06 17:40:49 T1:27.49, T2:20.97, T3:21.17, T4:21.10, T5:20.63, T6:20.46, T7:20.19, T8:20.16, T9:19.95, T10:20.12, T11:20.19, T12:19.99, T13:20.19, T14:21.50, T15:32.20, F1:0.75, F2:1.30, F3:1.98, SR1:101.45, A:1110000.00, Circ pump counter: 0
2023-10-06 17:40:55 T1:27.46, T2:20.90, T3:21.17, T4:21.10, T5:20.63, T6:20.46, T7:20.19, T8:20.12, T9:19.95, T10:20.16, T11:20.16, T12:20.02, T13:20.19, T14:21.50, T15:32.20, F1:0.75, F2:1.30, F3:1.98, SR1:100.99, A:1110000.00, Circ pump counter: 0
2023-10-06 17:41:01 T1:27.46, T2:20.97, T3:21.17, T4:21.10, T5:20.63, T6:20.46, T7:20.19, T8:20.12, T9:19.95, T10:20.12, T11:20.19, T12:19.99, T13:20.19, T14:nan, T15:32.20, F1:0.74, F2:1.30, F3:1.98, SR1:100.50, A:1110000.00, Circ pump counter: 0
2023-10-06 17:41:06 T1:27.46, T2:20.93, T3:21.17, T4:21.10, T5:20.63, T6:20.46, T7:20.19, T8:20.12, T9:19.95, T10:20.12, T11:20.19, T12:20.02, T13:20.19, T14:21.50, T15:32.20, F1:0.74, F2:1.30, F3:1.98, SR1:100.06, A:1110000.00, Circ pump counter: 0
2023-10-06 17:41:12 T1:27.46, T2:21.00, T3:21.14, T4:21.07, T5:20.63, T6:20.43, T7:20.19, T8:20.12, T9:19.95, T10:20.12, T11:20.16, T12:19.99, T13:20.19, T14:nan, T15:32.20, F1:0.74, F2:1.30, F3:1.98, SR1:99.69, A:1110000.00, Circ pump counter: 0
2023-10-06 17:41:17 T1:27.46, T2:20.93, T3:21.14, T4:21.07, T5:20.60, T6:20.43, T7:20.19, T8:20.12, T9:19.95, T10:20.12, T11:20.19, T12:19.99, T13:20.19, T14:nan, T15:32.20, F1:0.74, F2:1.30, F3:1.98, SR1:99.54, A:1110000.00, Circ pump counter: 0
2023-10-06 17:41:23 T1:27.49, T2:20.93, T3:21.14, T4:21.07, T5:20.63, T6:20.46, T7:20.22, T8:20.09, T9:19.95, T10:20.12, T11:20.19, T12:20.02, T13:20.19, T14:nan, T15:32.20, F1:0.75, F2:1.30, F3:1.98, SR1:99.41, A:1110000.00, Circ pump counter: 0
2023-10-06 17:41:28 T1:27.46, T2:20.93, T3:21.10, T4:21.03, T5:20.63, T6:20.43, T7:20.22, T8:20.12, T9:19.95, T10:20.12, T11:20.19, T12:20.02, T13:20.19, T14:nan, T15:32.10, F1:0.74, F2:1.30, F3:1.98, SR1:99.02, A:1110000.00, Circ pump counter: 0
2023-10-06 17:41:34 T1:27.43, T2:20.93, T3:21.10, T4:21.03, T5:20.63, T6:20.43, T7:20.22, T8:20.09, T9:19.95, T10:20.12, T11:20.19, T12:20.02, T13:20.19, T14:21.50, T15:32.10, F1:0.74, F2:1.30, F3:1.98, SR1:98.57, A:1110000.00, Circ pump counter: 0
2023-10-06 17:41:39 T1:27.46, T2:20.93, T3:21.10, T4:21.07, T5:20.63, T6:20.43, T7:20.22, T8:20.12, T9:19.95, T10:20.09, T11:20.19, T12:20.02, T13:20.19, T14:21.50, T15:32.10, F1:0.74, F2:1.30, F3:1.98, SR1:98.33, A:1110000.00, Circ pump counter: 0
2023-10-06 17:41:45 T1:27.49, T2:20.93, T3:21.10, T4:21.03, T5:20.63, T6:20.43, T7:20.22, T8:20.12, T9:19.95, T10:20.12, T11:20.19, T12:20.02, T13:20.19, T14:nan, T15:32.10, F1:0.74, F2:1.30, F3:1.98, SR1:97.57, A:1110000.00, Circ pump counter: 0
2023-10-06 17:41:50 T1:27.46, T2:20.87, T3:21.10, T4:21.03, T5:20.66, T6:20.43, T7:20.22, T8:20.09, T9:19.95, T10:20.12, T11:20.19, T12:20.02, T13:20.19, T14:nan, T15:32.10, F1:0.74, F2:1.30, F3:1.98, SR1:97.62, A:1110000.00, Circ pump counter: 0
2023-10-06 17:41:56 T1:27.46, T2:20.87, T3:21.07, T4:21.00, T5:20.66, T6:20.43, T7:20.26, T8:20.12, T9:19.95, T10:20.12, T11:20.19, T12:20.02, T13:20.19, T14:nan, T15:32.10, F1:0.74, F2:1.30, F3:1.98, SR1:97.10, A:1110000.00, Circ pump counter: 0
2023-10-06 17:42:01 T1:27.46, T2:20.90, T3:21.07, T4:21.03, T5:20.66, T6:20.43, T7:20.22, T8:20.09, T9:19.95, T10:20.12, T11:20.19, T12:20.02, T13:20.19, T14:nan, T15:32.00, F1:0.74, F2:1.30, F3:1.99, SR1:96.42, A:1110000.00, Circ pump counter: 0
2023-10-06 17:42:07 T1:27.46, T2:20.90, T3:21.07, T4:21.00, T5:20.70, T6:20.43, T7:20.26, T8:20.09, T9:19.92, T10:20.12, T11:20.19, T12:19.99, T13:20.19, T14:nan, T15:32.00, F1:0.75, F2:1.30, F3:1.97, SR1:95.90, A:1110000.00, Circ pump counter: 0
2023-10-06 17:42:12 T1:27.43, T2:20.87, T3:21.07, T4:21.00, T5:20.66, T6:20.43, T7:20.22, T8:20.09, T9:19.95, T10:20.12, T11:20.19, T12:20.02, T13:20.19, T14:nan, T15:32.00, F1:0.74, F2:1.30, F3:1.98, SR1:95.00, A:1110000.00, Circ pump counter: 0
2023-10-06 17:42:18 T1:27.39, T2:20.90, T3:21.07, T4:21.00, T5:20.70, T6:20.46, T7:20.22, T8:20.09, T9:19.95, T10:20.12, T11:20.19, T12:20.02, T13:20.19, T14:nan, T15:32.00, F1:0.74, F2:1.30, F3:1.98, SR1:94.78, A:1110000.00, Circ pump counter: 0
2023-10-06 17:42:23 T1:27.39, T2:20.80, T3:21.03, T4:21.00, T5:20.70, T6:20.46, T7:20.26, T8:20.09, T9:19.99, T10:20.16, T11:20.22, T12:20.02, T13:20.22, T14:nan, T15:32.00, F1:0.74, F2:1.30, F3:1.99, SR1:94.63, A:1110000.00, Circ pump counter: 0
2023-10-06 17:42:29 T1:27.39, T2:20.83, T3:21.03, T4:21.00, T5:20.70, T6:20.46, T7:20.26, T8:20.09, T9:19.95, T10:20.12, T11:20.19, T12:20.02, T13:20.19, T14:21.50, T15:32.00, F1:0.75, F2:1.30, F3:1.98, SR1:95.15, A:1110000.00, Circ pump counter: 0
2023-10-06 17:42:34 T1:27.39, T2:20.83, T3:21.03, T4:20.97, T5:20.70, T6:20.46, T7:20.22, T8:20.09, T9:19.95, T10:20.16, T11:20.22, T12:20.02, T13:20.22, T14:nan, T15:31.90, F1:0.75, F2:1.30, F3:1.98, SR1:94.76, A:1110000.00, Circ pump counter: 0
2023-10-06 17:42:40 T1:27.36, T2:20.87, T3:21.03, T4:20.97, T5:20.70, T6:20.46, T7:20.26, T8:20.09, T9:19.99, T10:20.16, T11:20.22, T12:20.02, T13:20.22, T14:21.50, T15:32.00, F1:0.74, F2:1.30, F3:1.98, SR1:94.91, A:1110000.00, Circ pump counter: 0
2023-10-06 17:42:45 T1:27.36, T2:20.87, T3:21.03, T4:20.97, T5:20.70, T6:20.46, T7:20.22, T8:20.09, T9:19.99, T10:20.16, T11:20.19, T12:20.02, T13:20.19, T14:nan, T15:31.90, F1:0.75, F2:1.30, F3:1.98, SR1:94.89, A:1110000.00, Circ pump counter: 0
2023-10-06 17:42:51 T1:27.36, T2:20.80, T3:21.03, T4:20.97, T5:20.73, T6:20.46, T7:20.22, T8:20.09, T9:19.99, T10:20.19, T11:20.19, T12:20.06, T13:20.22, T14:nan, T15:31.90, F1:0.75, F2:1.30, F3:1.98, SR1:95.21, A:1110000.00, Circ pump counter: 0
2023-10-06 17:42:56 T1:27.36, T2:20.87, T3:21.03, T4:20.97, T5:20.70, T6:20.46, T7:20.22, T8:20.09, T9:19.99, T10:20.16, T11:20.22, T12:20.02, T13:20.22, T14:nan, T15:31.90, F1:0.74, F2:1.30, F3:1.98, SR1:94.71, A:1110000.00, Circ pump counter: 0
2023-10-06 17:43:02 T1:27.36, T2:20.87, T3:21.03, T4:20.97, T5:20.73, T6:20.46, T7:20.22, T8:20.09, T9:19.99, T10:20.16, T11:20.22, T12:20.02, T13:20.22, T14:nan, T15:31.90, F1:0.75, F2:1.30, F3:1.98, SR1:94.58, A:1110000.00, Circ pump counter: 0
2023-10-06 17:43:07 T1:27.33, T2:20.80, T3:21.00, T4:20.97, T5:20.73, T6:20.46, T7:20.22, T8:20.09, T9:19.99, T10:20.19, T11:20.22, T12:20.02, T13:20.22, T14:21.50, T15:31.90, F1:0.74, F2:1.30, F3:1.98, SR1:94.43, A:1110000.00, Circ pump counter: 0
2023-10-06 17:43:13 T1:27.36, T2:20.87, T3:21.03, T4:20.93, T5:20.73, T6:20.46, T7:20.26, T8:20.09, T9:19.99, T10:20.16, T11:20.22, T12:20.02, T13:20.22, T14:nan, T15:31.90, F1:0.74, F2:1.30, F3:1.99, SR1:94.67, A:1110000.00, Circ pump counter: 0
2023-10-06 17:43:18 T1:27.33, T2:20.90, T3:21.00, T4:20.93, T5:20.73, T6:20.46, T7:20.26, T8:20.09, T9:19.99, T10:20.16, T11:20.22, T12:20.02, T13:20.22, T14:nan, T15:31.90, F1:0.75, F2:1.30, F3:1.99, SR1:94.67, A:1110000.00, Circ pump counter: 0
2023-10-06 17:43:24 T1:27.36, T2:20.83, T3:21.03, T4:20.97, T5:20.73, T6:20.46, T7:20.26, T8:20.12, T9:19.99, T10:20.16, T11:20.19, T12:20.02, T13:20.22, T14:21.50, T15:31.90, F1:0.75, F2:1.30, F3:1.98, SR1:94.80, A:1110000.00, Circ pump counter: 0
2023-10-06 17:43:29 T1:27.33, T2:20.90, T3:21.00, T4:20.93, T5:20.70, T6:20.46, T7:20.22, T8:20.09, T9:19.99, T10:20.16, T11:20.22, T12:20.02, T13:20.22, T14:nan, T15:31.90, F1:0.75, F2:1.30, F3:1.98, SR1:95.21, A:1110000.00, Circ pump counter: 0
2023-10-06 17:43:35 T1:27.33, T2:20.90, T3:21.00, T4:20.93, T5:20.70, T6:20.46, T7:20.22, T8:20.12, T9:19.99, T10:20.16, T11:20.19, T12:20.02, T13:20.22, T14:nan, T15:31.90, F1:0.74, F2:1.30, F3:1.98, SR1:95.32, A:1110000.00, Circ pump counter: 0
2023-10-06 17:43:40 T1:27.33, T2:20.90, T3:21.00, T4:20.93, T5:20.73, T6:20.46, T7:20.22, T8:20.09, T9:19.99, T10:20.16, T11:20.22, T12:20.02, T13:20.22, T14:21.50, T15:31.90, F1:0.75, F2:1.30, F3:1.98, SR1:95.80, A:1110000.00, Circ pump counter: 0
2023-10-06 17:43:46 T1:27.33, T2:20.93, T3:21.00, T4:20.93, T5:20.73, T6:20.46, T7:20.26, T8:20.09, T9:19.99, T10:20.16, T11:20.22, T12:20.02, T13:20.22, T14:nan, T15:31.90, F1:0.75, F2:1.30, F3:1.98, SR1:96.06, A:1110000.00, Circ pump counter: 0
2023-10-06 17:43:52 T1:27.29, T2:20.90, T3:21.00, T4:20.93, T5:20.73, T6:20.46, T7:20.26, T8:20.12, T9:19.99, T10:20.16, T11:20.22, T12:20.02, T13:20.22, T14:21.50, T15:31.90, F1:0.75, F2:1.30, F3:1.98, SR1:96.42, A:1110000.00, Circ pump counter: 0
2023-10-06 17:43:57 T1:27.29, T2:20.90, T3:21.00, T4:20.90, T5:20.73, T6:20.43, T7:20.26, T8:20.12, T9:19.99, T10:20.16, T11:20.22, T12:20.06, T13:20.22, T14:21.50, T15:31.90, F1:0.74, F2:1.30, F3:1.98, SR1:97.05, A:1110000.00, Circ pump counter: 0
2023-10-06 17:44:03 T1:27.29, T2:20.87, T3:20.97, T4:20.90, T5:20.73, T6:20.46, T7:20.26, T8:20.12, T9:19.99, T10:20.16, T11:20.22, T12:20.02, T13:20.22, T14:nan, T15:31.90, F1:0.75, F2:1.30, F3:1.98, SR1:96.53, A:1110000.00, Circ pump counter: 0
2023-10-06 17:44:08 T1:27.33, T2:20.87, T3:20.97, T4:20.90, T5:20.70, T6:20.46, T7:20.26, T8:20.09, T9:19.99, T10:20.16, T11:20.19, T12:20.06, T13:20.22, T14:nan, T15:31.90, F1:0.75, F2:1.30, F3:1.98, SR1:96.99, A:1110000.00, Circ pump counter: 0
2023-10-06 17:44:14 T1:27.29, T2:20.90, T3:20.97, T4:20.90, T5:20.73, T6:20.46, T7:20.26, T8:20.12, T9:19.99, T10:20.16, T11:20.22, T12:20.02, T13:20.19, T14:nan, T15:31.90, F1:0.75, F2:1.30, F3:1.98, SR1:96.86, A:1110000.00, Circ pump counter: 0
2023-10-06 17:44:19 T1:27.29, T2:20.90, T3:20.97, T4:20.90, T5:20.70, T6:20.46, T7:20.26, T8:20.09, T9:19.99, T10:20.19, T11:20.22, T12:20.02, T13:20.22, T14:21.50, T15:31.80, F1:0.74, F2:1.30, F3:1.98, SR1:97.38, A:1110000.00, Circ pump counter: 0
2023-10-06 17:44:25 T1:27.29, T2:20.87, T3:20.97, T4:20.90, T5:20.70, T6:20.46, T7:20.26, T8:20.12, T9:19.99, T10:20.16, T11:20.22, T12:20.06, T13:20.22, T14:nan, T15:31.80, F1:0.74, F2:1.30, F3:1.99, SR1:97.88, A:1110000.00, Circ pump counter: 0
2023-10-06 17:44:30 T1:27.29, T2:20.90, T3:20.97, T4:20.90, T5:20.70, T6:20.46, T7:20.26, T8:20.09, T9:19.99, T10:20.16, T11:20.22, T12:20.02, T13:20.22, T14:21.50, T15:31.80, F1:0.74, F2:1.30, F3:1.98, SR1:98.11, A:1110000.00, Circ pump counter: 0
2023-10-06 17:44:36 T1:27.29, T2:20.87, T3:20.93, T4:20.90, T5:20.73, T6:20.46, T7:20.26, T8:20.12, T9:19.99, T10:20.16, T11:20.22, T12:20.06, T13:20.22, T14:nan, T15:31.80, F1:0.74, F2:1.30, F3:1.98, SR1:98.22, A:1110000.00, Circ pump counter: 0
2023-10-06 17:44:41 T1:27.29, T2:20.90, T3:20.93, T4:20.90, T5:20.70, T6:20.46, T7:20.26, T8:20.12, T9:19.99, T10:20.16, T11:20.22, T12:20.06, T13:20.22, T14:21.50, T15:31.80, F1:0.74, F2:1.30, F3:1.98, SR1:99.02, A:1110000.00, Circ pump counter: 0
2023-10-06 17:44:47 T1:27.29, T2:20.90, T3:20.93, T4:20.87, T5:20.70, T6:20.46, T7:20.26, T8:20.12, T9:19.99, T10:20.16, T11:20.22, T12:20.02, T13:20.22, T14:21.50, T15:31.80, F1:0.75, F2:1.30, F3:1.97, SR1:99.37, A:1110000.00, Circ pump counter: 0
2023-10-06 17:44:52 T1:27.29, T2:20.90, T3:20.93, T4:20.90, T5:20.70, T6:20.46, T7:20.26, T8:20.12, T9:19.99, T10:20.16, T11:20.22, T12:20.02, T13:20.22, T14:nan, T15:31.80, F1:0.75, F2:1.30, F3:1.98, SR1:99.78, A:1110000.00, Circ pump counter: 0
2023-10-06 17:44:58 T1:27.29, T2:20.90, T3:20.93, T4:20.87, T5:20.70, T6:20.46, T7:20.26, T8:20.09, T9:19.99, T10:20.16, T11:20.22, T12:20.02, T13:20.19, T14:nan, T15:31.80, F1:0.74, F2:1.30, F3:1.99, SR1:100.13, A:1110000.00, Circ pump counter: 0
2023-10-06 17:45:03 T1:27.29, T2:20.87, T3:20.93, T4:20.87, T5:20.70, T6:20.46, T7:20.26, T8:20.12, T9:19.99, T10:20.16, T11:20.22, T12:20.06, T13:20.22, T14:21.50, T15:31.80, F1:0.74, F2:1.30, F3:1.98, SR1:100.06, A:1110000.00, Circ pump counter: 0
2023-10-06 17:45:09 T1:27.29, T2:20.90, T3:20.93, T4:20.87, T5:20.70, T6:20.46, T7:20.26, T8:20.12, T9:19.99, T10:20.16, T11:20.26, T12:20.02, T13:20.22, T14:21.50, T15:31.80, F1:0.75, F2:1.30, F3:1.98, SR1:100.04, A:1110000.00, Circ pump counter: 0
2023-10-06 17:45:14 T1:27.29, T2:20.90, T3:20.90, T4:20.87, T5:20.70, T6:20.46, T7:20.26, T8:20.12, T9:19.99, T10:20.16, T11:20.22, T12:20.06, T13:20.22, T14:21.50, T15:31.80, F1:0.74, F2:1.30, F3:1.99, SR1:100.17, A:1110000.00, Circ pump counter: 0
2023-10-06 17:45:20 T1:27.29, T2:20.93, T3:20.90, T4:20.87, T5:20.66, T6:20.46, T7:20.26, T8:20.12, T9:19.99, T10:20.16, T11:20.22, T12:20.06, T13:20.22, T14:nan, T15:31.80, F1:0.74, F2:1.31, F3:1.98, SR1:100.30, A:1110000.00, Circ pump counter: 0
2023-10-06 17:45:25 T1:27.29, T2:20.83, T3:20.93, T4:20.87, T5:20.70, T6:20.46, T7:20.26, T8:20.12, T9:19.99, T10:20.16, T11:20.22, T12:20.06, T13:20.22, T14:nan, T15:31.80, F1:0.74, F2:1.30, F3:1.98, SR1:100.26, A:1110000.00, Circ pump counter: 0
2023-10-06 17:45:31 T1:27.29, T2:20.87, T3:20.93, T4:20.83, T5:20.66, T6:20.46, T7:20.26, T8:20.12, T9:19.99, T10:20.16, T11:20.22, T12:20.06, T13:20.26, T14:nan, T15:31.80, F1:0.74, F2:1.30, F3:1.98, SR1:99.87, A:1110000.00, Circ pump counter: 0
2023-10-06 17:45:36 T1:27.29, T2:20.83, T3:20.90, T4:20.83, T5:20.70, T6:20.46, T7:20.26, T8:20.12, T9:19.99, T10:20.16, T11:20.26, T12:20.06, T13:20.22, T14:nan, T15:31.80, F1:0.75, F2:1.30, F3:1.98, SR1:99.65, A:1110000.00, Circ pump counter: 0
2023-10-06 17:45:42 T1:27.26, T2:20.93, T3:20.93, T4:20.83, T5:20.66, T6:20.46, T7:20.26, T8:20.12, T9:19.99, T10:20.16, T11:20.22, T12:20.06, T13:20.26, T14:nan, T15:31.80, F1:0.74, F2:1.30, F3:1.98, SR1:99.78, A:1110000.00, Circ pump counter: 0
2023-10-06 17:45:47 T1:27.29, T2:20.87, T3:20.90, T4:20.83, T5:20.70, T6:20.49, T7:20.26, T8:20.12, T9:19.99, T10:20.16, T11:20.26, T12:20.06, T13:20.22, T14:nan, T15:31.80, F1:0.75, F2:1.30, F3:1.98, SR1:99.74, A:1110000.00, Circ pump counter: 0
2023-10-06 17:45:53 T1:27.29, T2:20.87, T3:20.90, T4:20.83, T5:20.70, T6:20.46, T7:20.26, T8:20.09, T9:19.99, T10:20.16, T11:20.26, T12:20.06, T13:20.26, T14:nan, T15:31.80, F1:0.74, F2:1.30, F3:1.98, SR1:99.37, A:1110000.00, Circ pump counter: 0
2023-10-06 17:45:58 T1:27.26, T2:20.87, T3:20.93, T4:20.83, T5:20.66, T6:20.46, T7:20.26, T8:20.09, T9:19.99, T10:20.16, T11:20.22, T12:20.06, T13:20.26, T14:nan, T15:31.80, F1:0.74, F2:1.30, F3:1.98, SR1:99.33, A:1110000.00, Circ pump counter: 0
2023-10-06 17:46:04 T1:27.26, T2:20.90, T3:20.90, T4:20.83, T5:20.66, T6:20.46, T7:20.26, T8:20.12, T9:19.99, T10:20.16, T11:20.22, T12:20.06, T13:20.22, T14:21.50, T15:31.80, F1:0.74, F2:1.30, F3:1.98, SR1:99.02, A:1110000.00, Circ pump counter: 0
2023-10-06 17:46:09 T1:27.26, T2:20.90, T3:20.90, T4:20.83, T5:20.66, T6:20.46, T7:20.26, T8:20.09, T9:19.99, T10:20.16, T11:20.22, T12:20.06, T13:20.22, T14:21.50, T15:31.80, F1:0.75, F2:1.30, F3:1.98, SR1:98.14, A:1110000.00, Circ pump counter: 0
2023-10-06 17:46:15 T1:27.26, T2:20.93, T3:20.90, T4:20.83, T5:20.66, T6:20.46, T7:20.26, T8:20.09, T9:19.99, T10:20.19, T11:20.22, T12:20.06, T13:20.22, T14:nan, T15:31.80, F1:0.75, F2:1.30, F3:1.98, SR1:97.20, A:1110000.00, Circ pump counter: 0
2023-10-06 17:46:20 T1:27.29, T2:20.87, T3:20.90, T4:20.83, T5:20.66, T6:20.46, T7:20.26, T8:20.09, T9:19.99, T10:20.19, T11:20.26, T12:20.06, T13:20.22, T14:21.50, T15:31.80, F1:0.74, F2:1.30, F3:1.98, SR1:96.36, A:1110000.00, Circ pump counter: 0
2023-10-06 17:46:26 T1:27.26, T2:20.93, T3:20.90, T4:20.83, T5:20.66, T6:20.46, T7:20.26, T8:20.12, T9:19.99, T10:20.16, T11:20.22, T12:20.02, T13:20.22, T14:nan, T15:31.80, F1:0.74, F2:1.30, F3:1.98, SR1:95.73, A:1110000.00, Circ pump counter: 0
2023-10-06 17:46:32 T1:27.29, T2:20.83, T3:20.90, T4:20.83, T5:20.63, T6:20.46, T7:20.26, T8:20.12, T9:20.02, T10:20.19, T11:20.26, T12:20.06, T13:20.22, T14:nan, T15:31.70, F1:0.75, F2:1.30, F3:1.98, SR1:94.30, A:1110000.00, Circ pump counter: 0
2023-10-06 17:46:37 T1:27.26, T2:20.90, T3:20.90, T4:20.83, T5:20.66, T6:20.46, T7:20.26, T8:20.12, T9:19.99, T10:20.16, T11:20.22, T12:20.06, T13:20.26, T14:21.50, T15:31.70, F1:0.75, F2:1.30, F3:1.98, SR1:93.28, A:1110000.00, Circ pump counter: 0
2023-10-06 17:46:43 T1:27.26, T2:20.87, T3:20.90, T4:20.83, T5:20.66, T6:20.46, T7:20.26, T8:20.12, T9:19.99, T10:20.16, T11:20.22, T12:20.09, T13:20.26, T14:nan, T15:31.80, F1:0.74, F2:1.31, F3:1.98, SR1:91.64, A:1110000.00, Circ pump counter: 0
2023-10-06 17:46:48 T1:27.26, T2:20.87, T3:20.90, T4:20.83, T5:20.66, T6:20.46, T7:20.26, T8:20.12, T9:19.99, T10:20.19, T11:20.26, T12:20.06, T13:20.26, T14:21.50, T15:31.70, F1:0.74, F2:1.31, F3:1.98, SR1:90.40, A:1110000.00, Circ pump counter: 0
2023-10-06 17:46:54 T1:27.26, T2:20.87, T3:20.90, T4:20.83, T5:20.66, T6:20.46, T7:20.26, T8:20.09, T9:19.99, T10:20.19, T11:20.26, T12:20.06, T13:20.26, T14:nan, T15:31.80, F1:0.74, F2:1.30, F3:1.98, SR1:89.54, A:1110000.00, Circ pump counter: 0
2023-10-06 17:46:59 T1:27.29, T2:20.87, T3:20.90, T4:20.83, T5:20.63, T6:20.46, T7:20.26, T8:20.12, T9:19.99, T10:20.16, T11:20.22, T12:20.06, T13:20.26, T14:nan, T15:31.70, F1:0.75, F2:1.30, F3:1.98, SR1:87.96, A:1110000.00, Circ pump counter: 0
2023-10-06 17:47:05 T1:27.26, T2:20.87, T3:20.90, T4:20.80, T5:20.66, T6:20.43, T7:20.26, T8:20.09, T9:19.99, T10:20.19, T11:20.22, T12:20.06, T13:20.26, T14:21.50, T15:31.70, F1:0.75, F2:1.30, F3:1.98, SR1:86.38, A:1110000.00, Circ pump counter: 0
2023-10-06 17:47:10 T1:27.29, T2:20.90, T3:20.90, T4:20.83, T5:20.63, T6:20.46, T7:20.26, T8:20.12, T9:19.99, T10:20.19, T11:20.26, T12:20.06, T13:20.26, T14:21.50, T15:31.70, F1:0.75, F2:1.30, F3:1.98, SR1:84.80, A:1110000.00, Circ pump counter: 0
2023-10-06 17:47:16 T1:27.26, T2:20.90, T3:20.90, T4:20.80, T5:20.63, T6:20.43, T7:20.26, T8:20.12, T9:20.02, T10:20.19, T11:20.26, T12:20.06, T13:20.26, T14:nan, T15:31.70, F1:0.74, F2:1.30, F3:1.98, SR1:83.06, A:1110000.00, Circ pump counter: 0
2023-10-06 17:47:21 T1:27.26, T2:20.83, T3:20.90, T4:20.80, T5:20.63, T6:20.46, T7:20.26, T8:20.12, T9:20.02, T10:20.16, T11:20.26, T12:20.06, T13:20.26, T14:nan, T15:31.70, F1:0.74, F2:1.30, F3:1.98, SR1:81.35, A:1110000.00, Circ pump counter: 0
2023-10-06 17:47:27 T1:27.26, T2:20.87, T3:20.87, T4:20.83, T5:20.63, T6:20.46, T7:20.26, T8:20.12, T9:20.02, T10:20.19, T11:20.26, T12:20.09, T13:20.26, T14:21.50, T15:31.70, F1:0.74, F2:1.30, F3:1.98, SR1:79.95, A:1110000.00, Circ pump counter: 0
2023-10-06 17:47:32 T1:27.26, T2:20.90, T3:20.90, T4:20.83, T5:20.63, T6:20.46, T7:20.29, T8:20.12, T9:20.02, T10:20.19, T11:20.26, T12:20.06, T13:20.26, T14:nan, T15:31.70, F1:0.74, F2:1.30, F3:1.98, SR1:78.71, A:1110000.00, Circ pump counter: 0
2023-10-06 17:47:38 T1:27.26, T2:20.87, T3:20.90, T4:20.83, T5:20.63, T6:20.49, T7:20.26, T8:20.09, T9:20.02, T10:20.19, T11:20.26, T12:20.09, T13:20.26, T14:nan, T15:31.70, F1:0.74, F2:1.30, F3:1.97, SR1:77.13, A:1110000.00, Circ pump counter: 0
2023-10-06 17:47:43 T1:27.26, T2:20.93, T3:20.87, T4:20.83, T5:20.63, T6:20.46, T7:20.29, T8:20.12, T9:19.99, T10:20.19, T11:20.22, T12:20.09, T13:20.22, T14:21.50, T15:31.70, F1:0.74, F2:1.30, F3:1.97, SR1:75.66, A:1110000.00, Circ pump counter: 0
2023-10-06 17:47:49 T1:27.26, T2:20.87, T3:20.87, T4:20.80, T5:20.63, T6:20.46, T7:20.26, T8:20.12, T9:19.99, T10:20.19, T11:20.26, T12:20.06, T13:20.26, T14:nan, T15:31.70, F1:0.74, F2:1.30, F3:1.98, SR1:73.84, A:1110000.00, Circ pump counter: 0
2023-10-06 17:47:54 T1:27.22, T2:20.83, T3:20.90, T4:20.83, T5:20.63, T6:20.46, T7:20.26, T8:20.12, T9:19.99, T10:20.19, T11:20.26, T12:20.06, T13:20.26, T14:21.50, T15:31.70, F1:0.74, F2:1.30, F3:1.98, SR1:72.95, A:1110000.00, Circ pump counter: 0
2023-10-06 17:48:00 T1:27.26, T2:20.87, T3:20.90, T4:20.80, T5:20.63, T6:20.46, T7:20.26, T8:20.12, T9:20.02, T10:20.19, T11:20.26, T12:20.06, T13:20.26, T14:nan, T15:31.70, F1:0.74, F2:1.30, F3:1.97, SR1:72.28, A:1110000.00, Circ pump counter: 0
2023-10-06 17:48:05 T1:27.26, T2:20.83, T3:20.87, T4:20.80, T5:20.60, T6:20.46, T7:20.26, T8:20.12, T9:19.99, T10:20.19, T11:20.26, T12:20.06, T13:20.26, T14:21.50, T15:31.60, F1:0.74, F2:1.30, F3:1.98, SR1:70.31, A:1110000.00, Circ pump counter: 0
2023-10-06 17:48:11 T1:27.26, T2:20.87, T3:20.87, T4:20.83, T5:20.60, T6:20.49, T7:20.26, T8:20.12, T9:20.02, T10:20.19, T11:20.26, T12:20.06, T13:20.26, T14:21.50, T15:31.60, F1:0.74, F2:1.30, F3:1.98, SR1:69.29, A:1110000.00, Circ pump counter: 0
2023-10-06 17:48:16 T1:27.26, T2:20.83, T3:20.87, T4:20.80, T5:20.63, T6:20.46, T7:20.26, T8:20.12, T9:20.02, T10:20.19, T11:20.26, T12:20.06, T13:20.26, T14:nan, T15:31.60, F1:0.74, F2:1.30, F3:1.97, SR1:67.84, A:1110000.00, Circ pump counter: 0
2023-10-06 17:48:22 T1:27.26, T2:20.87, T3:20.87, T4:20.80, T5:20.63, T6:20.46, T7:20.26, T8:20.12, T9:20.02, T10:20.16, T11:20.26, T12:20.09, T13:20.26, T14:21.50, T15:31.60, F1:0.74, F2:1.30, F3:1.98, SR1:66.48, A:1110000.00, Circ pump counter: 0
2023-10-06 17:48:27 T1:27.26, T2:20.80, T3:20.87, T4:20.80, T5:20.60, T6:20.46, T7:20.26, T8:20.12, T9:20.02, T10:20.19, T11:20.26, T12:20.06, T13:20.26, T14:21.50, T15:31.60, F1:0.74, F2:1.30, F3:1.97, SR1:65.44, A:1110000.00, Circ pump counter: 0
2023-10-06 17:48:33 T1:27.22, T2:20.80, T3:20.87, T4:20.80, T5:20.63, T6:20.46, T7:20.26, T8:20.12, T9:20.02, T10:20.19, T11:20.26, T12:20.09, T13:20.26, T14:nan, T15:31.60, F1:0.74, F2:1.30, F3:1.97, SR1:64.57, A:1110000.00, Circ pump counter: 0
2023-10-06 17:48:38 T1:27.22, T2:20.83, T3:20.87, T4:20.80, T5:20.63, T6:20.46, T7:20.29, T8:20.12, T9:20.02, T10:20.19, T11:20.26, T12:20.09, T13:20.29, T14:21.50, T15:31.60, F1:0.74, F2:1.30, F3:1.98, SR1:63.94, A:1110000.00, Circ pump counter: 0
2023-10-06 17:48:44 T1:27.26, T2:20.80, T3:20.87, T4:20.80, T5:20.60, T6:20.49, T7:20.29, T8:20.12, T9:19.99, T10:20.19, T11:20.26, T12:20.06, T13:20.26, T14:21.50, T15:31.60, F1:0.54, F2:1.30, F3:1.97, SR1:73.02, A:1110000.00, Circ pump counter: 0
2023-10-06 17:48:49 T1:27.22, T2:20.83, T3:20.83, T4:20.80, T5:20.60, T6:20.46, T7:20.29, T8:20.12, T9:20.02, T10:20.16, T11:20.26, T12:20.09, T13:20.29, T14:21.50, T15:31.60, F1:0.41, F2:1.30, F3:1.97, SR1:71.05, A:1110000.00, Circ pump counter: 0
2023-10-06 17:48:55 T1:27.26, T2:20.83, T3:20.87, T4:20.80, T5:20.60, T6:20.46, T7:20.26, T8:20.12, T9:19.99, T10:20.19, T11:20.26, T12:20.06, T13:20.26, T14:21.50, T15:nan, F1:0.42, F2:1.30, F3:1.98, SR1:69.68, A:1110000.00, Circ pump counter: 0
2023-10-06 17:49:00 T1:27.26, T2:20.87, T3:20.83, T4:20.80, T5:20.60, T6:20.46, T7:20.26, T8:20.12, T9:20.02, T10:20.19, T11:20.22, T12:20.06, T13:20.26, T14:nan, T15:nan, F1:0.42, F2:1.30, F3:1.98, SR1:68.23, A:1110000.00, Circ pump counter: 0
2023-10-06 17:49:06 T1:27.26, T2:20.80, T3:20.87, T4:20.80, T5:20.60, T6:20.46, T7:20.26, T8:20.12, T9:20.02, T10:20.19, T11:20.26, T12:20.09, T13:20.26, T14:nan, T15:nan, F1:0.74, F2:0.51, F3:1.97, SR1:68.12, A:1110000.00, Circ pump counter: 0
2023-10-06 17:49:11 T1:27.26, T2:20.80, T3:20.87, T4:20.76, T5:20.60, T6:20.46, T7:20.29, T8:20.12, T9:20.02, T10:20.19, T11:20.26, T12:20.09, T13:20.29, T14:21.50, T15:nan, F1:0.74, F2:0.42, F3:1.98, SR1:66.74, A:1110000.00, Circ pump counter: 0
2023-10-06 17:49:17 T1:27.26, T2:20.80, T3:20.83, T4:20.80, T5:20.60, T6:20.46, T7:20.29, T8:20.12, T9:20.02, T10:20.19, T11:20.26, T12:20.09, T13:20.29, T14:21.50, T15:nan, F1:0.74, F2:0.42, F3:1.98, SR1:65.61, A:1110000.00, Circ pump counter: 0
2023-10-06 17:49:22 T1:27.26, T2:20.80, T3:20.83, T4:20.76, T5:20.63, T6:20.49, T7:20.29, T8:20.09, T9:20.02, T10:20.16, T11:20.26, T12:20.06, T13:20.26, T14:21.50, T15:31.60, F1:0.73, F2:0.41, F3:1.98, SR1:65.13, A:1110000.00, Circ pump counter: 0
2023-10-06 17:49:28 T1:27.22, T2:20.83, T3:20.87, T4:20.76, T5:20.60, T6:20.49, T7:20.29, T8:20.12, T9:20.02, T10:20.19, T11:20.26, T12:20.06, T13:20.29, T14:21.50, T15:31.70, F1:0.74, F2:0.42, F3:1.98, SR1:65.00, A:1110000.00, Circ pump counter: 0
2023-10-06 17:49:34 T1:27.26, T2:20.76, T3:20.83, T4:20.80, T5:20.60, T6:20.46, T7:20.26, T8:20.12, T9:19.99, T10:20.19, T11:20.26, T12:20.09, T13:20.29, T14:nan, T15:31.70, F1:0.73, F2:0.42, F3:1.98, SR1:64.79, A:1110000.00, Circ pump counter: 0
2023-10-06 17:49:39 T1:27.26, T2:20.80, T3:20.83, T4:20.80, T5:20.60, T6:20.46, T7:20.26, T8:20.12, T9:19.99, T10:20.19, T11:20.26, T12:20.09, T13:20.29, T14:21.50, T15:nan, F1:0.74, F2:0.42, F3:1.98, SR1:64.59, A:1110000.00, Circ pump counter: 0
2023-10-06 17:49:45 T1:27.22, T2:20.87, T3:20.83, T4:20.80, T5:20.60, T6:20.46, T7:20.26, T8:20.12, T9:20.02, T10:20.19, T11:20.26, T12:20.09, T13:20.26, T14:nan, T15:nan, F1:0.73, F2:0.43, F3:1.98, SR1:64.55, A:1110000.00, Circ pump counter: 0
2023-10-06 17:49:50 T1:27.22, T2:20.83, T3:20.83, T4:20.76, T5:20.60, T6:20.49, T7:20.26, T8:20.12, T9:20.02, T10:20.19, T11:20.26, T12:20.09, T13:20.26, T14:21.50, T15:nan, F1:0.74, F2:0.42, F3:1.98, SR1:64.07, A:1110000.00, Circ pump counter: 0
2023-10-06 17:49:56 T1:27.22, T2:20.76, T3:20.83, T4:20.76, T5:20.60, T6:20.46, T7:20.29, T8:20.12, T9:20.02, T10:20.16, T11:20.26, T12:20.09, T13:20.29, T14:nan, T15:nan, F1:0.74, F2:0.42, F3:1.98, SR1:63.10, A:1110000.00, Circ pump counter: 0
2023-10-06 17:50:01 T1:27.22, T2:20.80, T3:20.83, T4:20.76, T5:20.60, T6:20.46, T7:20.29, T8:20.12, T9:20.02, T10:20.19, T11:20.26, T12:20.09, T13:20.26, T14:21.50, T15:nan, F1:0.74, F2:0.42, F3:1.98, SR1:62.77, A:1110000.00, Circ pump counter: 0
2023-10-06 17:50:07 T1:27.22, T2:20.83, T3:20.83, T4:20.76, T5:20.60, T6:20.46, T7:20.29, T8:20.12, T9:19.99, T10:20.19, T11:20.26, T12:20.09, T13:20.29, T14:21.50, T15:nan, F1:0.73, F2:0.42, F3:1.98, SR1:62.23, A:1110000.00, Circ pump counter: 0
2023-10-06 17:50:12 T1:27.22, T2:20.83, T3:20.80, T4:20.76, T5:20.60, T6:20.49, T7:20.26, T8:20.12, T9:20.02, T10:20.19, T11:20.26, T12:20.09, T13:20.26, T14:21.50, T15:nan, F1:0.74, F2:0.42, F3:1.98, SR1:61.93, A:1110000.00, Circ pump counter: 0
2023-10-06 17:50:18 T1:27.22, T2:20.80, T3:20.80, T4:20.76, T5:20.60, T6:20.46, T7:20.26, T8:20.12, T9:19.99, T10:20.19, T11:20.26, T12:20.09, T13:20.29, T14:21.50, T15:nan, F1:0.74, F2:0.42, F3:1.98, SR1:61.52, A:1110000.00, Circ pump counter: 0
2023-10-06 17:50:23 T1:27.22, T2:20.80, T3:20.80, T4:20.76, T5:20.60, T6:20.49, T7:20.29, T8:20.12, T9:19.99, T10:20.19, T11:20.26, T12:20.09, T13:20.26, T14:nan, T15:nan, F1:0.74, F2:0.42, F3:1.97, SR1:61.24, A:1110000.00, Circ pump counter: 0
2023-10-06 17:50:29 T1:27.22, T2:20.80, T3:20.83, T4:20.76, T5:20.60, T6:20.49, T7:20.29, T8:20.12, T9:20.02, T10:20.19, T11:20.26, T12:20.09, T13:20.29, T14:21.50, T15:31.60, F1:0.73, F2:0.42, F3:1.98, SR1:61.11, A:1110000.00, Circ pump counter: 0
2023-10-06 17:50:34 T1:27.19, T2:20.80, T3:20.83, T4:20.73, T5:20.56, T6:20.49, T7:20.29, T8:20.12, T9:20.02, T10:20.19, T11:20.26, T12:20.09, T13:20.26, T14:21.50, T15:nan, F1:0.73, F2:0.42, F3:1.98, SR1:61.26, A:1110000.00, Circ pump counter: 0
2023-10-06 17:50:40 T1:27.22, T2:20.80, T3:20.83, T4:20.76, T5:20.56, T6:20.46, T7:20.29, T8:20.12, T9:20.02, T10:20.19, T11:20.26, T12:20.09, T13:20.29, T14:21.50, T15:nan, F1:0.74, F2:1.30, F3:1.98, SR1:61.13, A:1110000.00, Circ pump counter: 0
2023-10-06 17:50:45 T1:27.22, T2:20.83, T3:20.80, T4:20.73, T5:20.56, T6:20.46, T7:20.29, T8:20.12, T9:20.02, T10:20.19, T11:20.26, T12:20.09, T13:20.29, T14:nan, T15:nan, F1:0.73, F2:1.30, F3:1.98, SR1:60.93, A:1110000.00, Circ pump counter: 0
2023-10-06 17:50:51 T1:27.22, T2:20.76, T3:20.80, T4:20.73, T5:20.56, T6:20.46, T7:20.29, T8:20.12, T9:20.02, T10:20.19, T11:20.26, T12:20.09, T13:20.29, T14:21.50, T15:nan, F1:0.73, F2:1.30, F3:1.98, SR1:60.87, A:1110000.00, Circ pump counter: 0
2023-10-06 17:50:56 T1:27.19, T2:20.80, T3:20.80, T4:20.73, T5:20.56, T6:20.49, T7:20.29, T8:20.12, T9:20.02, T10:20.19, T11:20.26, T12:20.09, T13:20.29, T14:nan, T15:31.60, F1:0.64, F2:1.30, F3:1.98, SR1:69.47, A:1110000.00, Circ pump counter: 0
2023-10-06 17:51:02 T1:27.19, T2:20.80, T3:20.80, T4:20.73, T5:20.56, T6:20.46, T7:20.29, T8:20.09, T9:20.02, T10:20.22, T11:20.26, T12:20.09, T13:20.29, T14:21.50, T15:31.60, F1:0.42, F2:1.30, F3:1.98, SR1:68.49, A:1110000.00, Circ pump counter: 0
2023-10-06 17:51:07 T1:27.19, T2:20.73, T3:20.80, T4:20.73, T5:20.56, T6:20.49, T7:20.29, T8:20.09, T9:20.02, T10:20.19, T11:20.26, T12:20.09, T13:20.26, T14:21.50, T15:31.60, F1:0.41, F2:1.30, F3:1.98, SR1:68.04, A:1110000.00, Circ pump counter: 0
2023-10-06 17:51:13 T1:27.19, T2:20.73, T3:20.76, T4:20.73, T5:20.56, T6:20.46, T7:20.26, T8:20.09, T9:19.99, T10:20.19, T11:20.26, T12:20.09, T13:20.29, T14:nan, T15:31.60, F1:0.71, F2:1.10, F3:1.98, SR1:69.36, A:1110000.00, Circ pump counter: 0
2023-10-06 17:51:18 T1:27.19, T2:20.80, T3:20.80, T4:20.73, T5:20.56, T6:20.46, T7:20.29, T8:20.09, T9:20.02, T10:20.19, T11:20.26, T12:20.09, T13:20.26, T14:21.50, T15:31.60, F1:0.74, F2:0.43, F3:1.98, SR1:69.01, A:1110000.00, Circ pump counter: 0
2023-10-06 17:51:24 T1:27.16, T2:20.80, T3:20.80, T4:20.73, T5:20.56, T6:20.46, T7:20.26, T8:20.09, T9:20.02, T10:20.19, T11:20.26, T12:20.09, T13:20.29, T14:nan, T15:31.60, F1:0.74, F2:0.42, F3:1.98, SR1:68.21, A:1110000.00, Circ pump counter: 0
2023-10-06 17:51:29 T1:27.16, T2:20.76, T3:20.76, T4:20.73, T5:20.56, T6:20.46, T7:20.29, T8:20.09, T9:20.02, T10:20.19, T11:20.26, T12:20.09, T13:20.29, T14:21.50, T15:31.60, F1:0.74, F2:0.42, F3:1.98, SR1:67.84, A:1110000.00, Circ pump counter: 0
2023-10-06 17:51:35 T1:27.16, T2:20.76, T3:20.80, T4:20.73, T5:20.60, T6:20.46, T7:20.29, T8:20.09, T9:20.02, T10:20.19, T11:20.26, T12:20.09, T13:20.29, T14:nan, T15:31.60, F1:0.73, F2:0.42, F3:1.98, SR1:67.52, A:1110000.00, Circ pump counter: 0
